Date,Location,CPI
9/1/1948,Sydney ,2.56
9/1/1948,Melbourne ,2.64
9/1/1948,Brisbane,2.51
9/1/1948,Adelaide ,2.64
9/1/1948,Perth,2.60
9/1/1948,Hobart ,2.66
9/1/1948,Canberra ,2.79
9/1/1948,Australia ,2.59
12/1/1948,Sydney ,2.60
12/1/1948,Melbourne ,2.68
12/1/1948,Brisbane,2.54
12/1/1948,Adelaide ,2.68
12/1/1948,Perth,2.64
12/1/1948,Hobart ,2.70
12/1/1948,Canberra ,2.87
12/1/1948,Australia ,2.63
3/1/1949,Sydney ,2.68
3/1/1949,Melbourne ,2.72
3/1/1949,Brisbane,2.58
3/1/1949,Adelaide ,2.75
3/1/1949,Perth,2.72
3/1/1949,Hobart ,2.78
3/1/1949,Canberra ,2.91
3/1/1949,Australia ,2.71
6/1/1949,Sydney ,2.71
6/1/1949,Melbourne ,2.80
6/1/1949,Brisbane,2.65
6/1/1949,Adelaide ,2.79
6/1/1949,Perth,2.80
6/1/1949,Hobart ,2.86
6/1/1949,Canberra ,2.98
6/1/1949,Australia ,2.74
9/1/1949,Sydney ,2.79
9/1/1949,Melbourne ,2.84
9/1/1949,Brisbane,2.73
9/1/1949,Adelaide ,2.83
9/1/1949,Perth,2.87
9/1/1949,Hobart ,2.86
9/1/1949,Canberra ,3.02
9/1/1949,Australia ,2.82
12/1/1949,Sydney ,2.83
12/1/1949,Melbourne ,2.92
12/1/1949,Brisbane,2.76
12/1/1949,Adelaide ,2.86
12/1/1949,Perth,2.91
12/1/1949,Hobart ,2.90
12/1/1949,Canberra ,3.06
12/1/1949,Australia ,2.86
3/1/1950,Sydney ,2.87
3/1/1950,Melbourne ,2.99
3/1/1950,Brisbane,2.80
3/1/1950,Adelaide ,2.90
3/1/1950,Perth,2.95
3/1/1950,Hobart ,2.90
3/1/1950,Canberra ,3.10
3/1/1950,Australia ,2.90
6/1/1950,Sydney ,2.99
6/1/1950,Melbourne ,3.07
6/1/1950,Brisbane,2.87
6/1/1950,Adelaide ,3.02
6/1/1950,Perth,3.07
6/1/1950,Hobart ,3.01
6/1/1950,Canberra ,3.22
6/1/1950,Australia ,3.02
9/1/1950,Sydney ,3.02
9/1/1950,Melbourne ,3.11
9/1/1950,Brisbane,2.91
9/1/1950,Adelaide ,3.05
9/1/1950,Perth,3.11
9/1/1950,Hobart ,3.09
9/1/1950,Canberra ,3.30
9/1/1950,Australia ,3.05
12/1/1950,Sydney ,3.18
12/1/1950,Melbourne ,3.23
12/1/1950,Brisbane,3.02
12/1/1950,Adelaide ,3.17
12/1/1950,Perth,3.18
12/1/1950,Hobart ,3.17
12/1/1950,Canberra ,3.42
12/1/1950,Australia ,3.17
3/1/1951,Sydney ,3.30
3/1/1951,Melbourne ,3.39
3/1/1951,Brisbane,3.17
3/1/1951,Adelaide ,3.32
3/1/1951,Perth,3.38
3/1/1951,Hobart ,3.37
3/1/1951,Canberra ,3.61
3/1/1951,Australia ,3.32
6/1/1951,Sydney ,3.53
6/1/1951,Melbourne ,3.59
6/1/1951,Brisbane,3.35
6/1/1951,Adelaide ,3.54
6/1/1951,Perth,3.57
6/1/1951,Hobart ,3.60
6/1/1951,Canberra ,3.85
6/1/1951,Australia ,3.52
9/1/1951,Sydney ,3.72
9/1/1951,Melbourne ,3.74
9/1/1951,Brisbane,3.50
9/1/1951,Adelaide ,3.73
9/1/1951,Perth,3.77
9/1/1951,Hobart ,3.80
9/1/1951,Canberra ,4.05
9/1/1951,Australia ,3.71
12/1/1951,Sydney ,3.96
12/1/1951,Melbourne ,4.06
12/1/1951,Brisbane,3.80
12/1/1951,Adelaide ,3.92
12/1/1951,Perth,3.96
12/1/1951,Hobart ,4.03
12/1/1951,Canberra ,4.28
12/1/1951,Australia ,3.98
3/1/1952,Sydney ,4.11
3/1/1952,Melbourne ,4.14
3/1/1952,Brisbane,3.94
3/1/1952,Adelaide ,4.07
3/1/1952,Perth,4.16
3/1/1952,Hobart ,4.15
3/1/1952,Canberra ,4.40
3/1/1952,Australia ,4.10
6/1/1952,Sydney ,4.27
6/1/1952,Melbourne ,4.29
6/1/1952,Brisbane,4.02
6/1/1952,Adelaide ,4.26
6/1/1952,Perth,4.31
6/1/1952,Hobart ,4.31
6/1/1952,Canberra ,4.63
6/1/1952,Australia ,4.25
9/1/1952,Sydney ,4.30
9/1/1952,Melbourne ,4.41
9/1/1952,Brisbane,4.13
9/1/1952,Adelaide ,4.37
9/1/1952,Perth,4.43
9/1/1952,Hobart ,4.42
9/1/1952,Canberra ,4.71
9/1/1952,Australia ,4.33
12/1/1952,Sydney ,4.34
12/1/1952,Melbourne ,4.41
12/1/1952,Brisbane,4.13
12/1/1952,Adelaide ,4.33
12/1/1952,Perth,4.43
12/1/1952,Hobart ,4.46
12/1/1952,Canberra ,4.75
12/1/1952,Australia ,4.37
3/1/1953,Sydney ,4.38
3/1/1953,Melbourne ,4.45
3/1/1953,Brisbane,4.16
3/1/1953,Adelaide ,4.41
3/1/1953,Perth,4.51
3/1/1953,Hobart ,4.54
3/1/1953,Canberra ,4.79
3/1/1953,Australia ,4.41
6/1/1953,Sydney ,4.42
6/1/1953,Melbourne ,4.53
6/1/1953,Brisbane,4.20
6/1/1953,Adelaide ,4.45
6/1/1953,Perth,4.54
6/1/1953,Hobart ,4.62
6/1/1953,Canberra ,4.83
6/1/1953,Australia ,4.45
9/1/1953,Sydney ,4.46
9/1/1953,Melbourne ,4.53
9/1/1953,Brisbane,4.20
9/1/1953,Adelaide ,4.49
9/1/1953,Perth,4.58
9/1/1953,Hobart ,4.74
9/1/1953,Canberra ,4.91
9/1/1953,Australia ,4.48
12/1/1953,Sydney ,4.42
12/1/1953,Melbourne ,4.53
12/1/1953,Brisbane,4.24
12/1/1953,Adelaide ,4.49
12/1/1953,Perth,4.58
12/1/1953,Hobart ,4.78
12/1/1953,Canberra ,4.95
12/1/1953,Australia ,4.45
3/1/1954,Sydney ,4.46
3/1/1954,Melbourne ,4.53
3/1/1954,Brisbane,4.24
3/1/1954,Adelaide ,4.49
3/1/1954,Perth,4.58
3/1/1954,Hobart ,4.74
3/1/1954,Canberra ,4.91
3/1/1954,Australia ,4.48
6/1/1954,Sydney ,4.42
6/1/1954,Melbourne ,4.53
6/1/1954,Brisbane,4.24
6/1/1954,Adelaide ,4.49
6/1/1954,Perth,4.66
6/1/1954,Hobart ,4.74
6/1/1954,Canberra ,4.91
6/1/1954,Australia ,4.48
9/1/1954,Sydney ,4.42
9/1/1954,Melbourne ,4.49
9/1/1954,Brisbane,4.24
9/1/1954,Adelaide ,4.52
9/1/1954,Perth,4.66
9/1/1954,Hobart ,4.70
9/1/1954,Canberra ,4.91
9/1/1954,Australia ,4.48
12/1/1954,Sydney ,4.46
12/1/1954,Melbourne ,4.49
12/1/1954,Brisbane,4.24
12/1/1954,Adelaide ,4.52
12/1/1954,Perth,4.66
12/1/1954,Hobart ,4.70
12/1/1954,Canberra ,4.99
12/1/1954,Australia ,4.48
3/1/1955,Sydney ,4.50
3/1/1955,Melbourne ,4.53
3/1/1955,Brisbane,4.28
3/1/1955,Adelaide ,4.56
3/1/1955,Perth,4.66
3/1/1955,Hobart ,4.74
3/1/1955,Canberra ,4.99
3/1/1955,Australia ,4.52
6/1/1955,Sydney ,4.50
6/1/1955,Melbourne ,4.57
6/1/1955,Brisbane,4.31
6/1/1955,Adelaide ,4.60
6/1/1955,Perth,4.74
6/1/1955,Hobart ,4.78
6/1/1955,Canberra ,5.03
6/1/1955,Australia ,4.56
9/1/1955,Sydney ,4.54
9/1/1955,Melbourne ,4.65
9/1/1955,Brisbane,4.31
9/1/1955,Adelaide ,4.60
9/1/1955,Perth,4.74
9/1/1955,Hobart ,4.85
9/1/1955,Canberra ,5.07
9/1/1955,Australia ,4.60
12/1/1955,Sydney ,4.58
12/1/1955,Melbourne ,4.77
12/1/1955,Brisbane,4.35
12/1/1955,Adelaide ,4.64
12/1/1955,Perth,4.78
12/1/1955,Hobart ,4.93
12/1/1955,Canberra ,5.11
12/1/1955,Australia ,4.64
3/1/1956,Sydney ,4.61
3/1/1956,Melbourne ,4.81
3/1/1956,Brisbane,4.42
3/1/1956,Adelaide ,4.67
3/1/1956,Perth,4.82
3/1/1956,Hobart ,5.01
3/1/1956,Canberra ,5.14
3/1/1956,Australia ,4.68
6/1/1956,Sydney ,4.77
6/1/1956,Melbourne ,5.00
6/1/1956,Brisbane,4.53
6/1/1956,Adelaide ,4.82
6/1/1956,Perth,4.93
6/1/1956,Hobart ,5.13
6/1/1956,Canberra ,5.26
6/1/1956,Australia ,4.83
9/1/1956,Sydney ,4.93
9/1/1956,Melbourne ,5.08
9/1/1956,Brisbane,4.64
9/1/1956,Adelaide ,4.90
9/1/1956,Perth,4.97
9/1/1956,Hobart ,5.25
9/1/1956,Canberra ,5.38
9/1/1956,Australia ,4.95
12/1/1956,Sydney ,4.93
12/1/1956,Melbourne ,5.08
12/1/1956,Brisbane,4.64
12/1/1956,Adelaide ,4.90
12/1/1956,Perth,5.01
12/1/1956,Hobart ,5.28
12/1/1956,Canberra ,5.42
12/1/1956,Australia ,4.95
3/1/1957,Sydney ,4.93
3/1/1957,Melbourne ,5.04
3/1/1957,Brisbane,4.64
3/1/1957,Adelaide ,4.82
3/1/1957,Perth,5.05
3/1/1957,Hobart ,5.28
3/1/1957,Canberra ,5.42
3/1/1957,Australia ,4.95
6/1/1957,Sydney ,4.96
6/1/1957,Melbourne ,5.08
6/1/1957,Brisbane,4.68
6/1/1957,Adelaide ,4.90
6/1/1957,Perth,5.09
6/1/1957,Hobart ,5.28
6/1/1957,Canberra ,5.42
6/1/1957,Australia ,4.99
9/1/1957,Sydney ,5.00
9/1/1957,Melbourne ,5.08
9/1/1957,Brisbane,4.68
9/1/1957,Adelaide ,4.90
9/1/1957,Perth,5.09
9/1/1957,Hobart ,5.28
9/1/1957,Canberra ,5.42
9/1/1957,Australia ,4.99
12/1/1957,Sydney ,5.00
12/1/1957,Melbourne ,5.08
12/1/1957,Brisbane,4.72
12/1/1957,Adelaide ,4.90
12/1/1957,Perth,5.05
12/1/1957,Hobart ,5.28
12/1/1957,Canberra ,5.42
12/1/1957,Australia ,4.99
3/1/1958,Sydney ,5.04
3/1/1958,Melbourne ,5.08
3/1/1958,Brisbane,4.75
3/1/1958,Adelaide ,4.90
3/1/1958,Perth,5.05
3/1/1958,Hobart ,5.28
3/1/1958,Canberra ,5.46
3/1/1958,Australia ,5.03
6/1/1958,Sydney ,5.04
6/1/1958,Melbourne ,5.12
6/1/1958,Brisbane,4.79
6/1/1958,Adelaide ,4.94
6/1/1958,Perth,5.09
6/1/1958,Hobart ,5.28
6/1/1958,Canberra ,5.50
6/1/1958,Australia ,5.03
9/1/1958,Sydney ,5.00
9/1/1958,Melbourne ,5.12
9/1/1958,Brisbane,4.83
9/1/1958,Adelaide ,4.98
9/1/1958,Perth,5.09
9/1/1958,Hobart ,5.32
9/1/1958,Canberra ,5.46
9/1/1958,Australia ,5.03
12/1/1958,Sydney ,5.04
12/1/1958,Melbourne ,5.20
12/1/1958,Brisbane,4.90
12/1/1958,Adelaide ,5.01
12/1/1958,Perth,5.09
12/1/1958,Hobart ,5.36
12/1/1958,Canberra ,5.50
12/1/1958,Australia ,5.06
3/1/1959,Sydney ,5.04
3/1/1959,Melbourne ,5.20
3/1/1959,Brisbane,4.94
3/1/1959,Adelaide ,5.05
3/1/1959,Perth,5.13
3/1/1959,Hobart ,5.36
3/1/1959,Canberra ,5.50
3/1/1959,Australia ,5.10
6/1/1959,Sydney ,5.08
6/1/1959,Melbourne ,5.24
6/1/1959,Brisbane,4.94
6/1/1959,Adelaide ,5.05
6/1/1959,Perth,5.17
6/1/1959,Hobart ,5.40
6/1/1959,Canberra ,5.58
6/1/1959,Australia ,5.10
9/1/1959,Sydney ,5.08
9/1/1959,Melbourne ,5.28
9/1/1959,Brisbane,4.98
9/1/1959,Adelaide ,5.09
9/1/1959,Perth,5.17
9/1/1959,Hobart ,5.40
9/1/1959,Canberra ,5.58
9/1/1959,Australia ,5.14
12/1/1959,Sydney ,5.12
12/1/1959,Melbourne ,5.28
12/1/1959,Brisbane,5.01
12/1/1959,Adelaide ,5.13
12/1/1959,Perth,5.17
12/1/1959,Hobart ,5.40
12/1/1959,Canberra ,5.62
12/1/1959,Australia ,5.18
3/1/1960,Sydney ,5.16
3/1/1960,Melbourne ,5.36
3/1/1960,Brisbane,5.05
3/1/1960,Adelaide ,5.20
3/1/1960,Perth,5.24
3/1/1960,Hobart ,5.44
3/1/1960,Canberra ,5.66
3/1/1960,Australia ,5.22
6/1/1960,Sydney ,5.24
6/1/1960,Melbourne ,5.48
6/1/1960,Brisbane,5.05
6/1/1960,Adelaide ,5.28
6/1/1960,Perth,5.32
6/1/1960,Hobart ,5.52
6/1/1960,Canberra ,5.69
6/1/1960,Australia ,5.30
9/1/1960,Sydney ,5.27
9/1/1960,Melbourne ,5.56
9/1/1960,Brisbane,5.12
9/1/1960,Adelaide ,5.35
9/1/1960,Perth,5.36
9/1/1960,Hobart ,5.68
9/1/1960,Canberra ,5.77
9/1/1960,Australia ,5.37
12/1/1960,Sydney ,5.31
12/1/1960,Melbourne ,5.59
12/1/1960,Brisbane,5.20
12/1/1960,Adelaide ,5.39
12/1/1960,Perth,5.40
12/1/1960,Hobart ,5.72
12/1/1960,Canberra ,5.77
12/1/1960,Australia ,5.41
3/1/1961,Sydney ,5.35
3/1/1961,Melbourne ,5.59
3/1/1961,Brisbane,5.27
3/1/1961,Adelaide ,5.43
3/1/1961,Perth,5.44
3/1/1961,Hobart ,5.79
3/1/1961,Canberra ,5.81
3/1/1961,Australia ,5.45
6/1/1961,Sydney ,5.39
6/1/1961,Melbourne ,5.63
6/1/1961,Brisbane,5.23
6/1/1961,Adelaide ,5.47
6/1/1961,Perth,5.48
6/1/1961,Hobart ,5.79
6/1/1961,Canberra ,5.85
6/1/1961,Australia ,5.49
9/1/1961,Sydney ,5.35
9/1/1961,Melbourne ,5.63
9/1/1961,Brisbane,5.27
9/1/1961,Adelaide ,5.43
9/1/1961,Perth,5.44
9/1/1961,Hobart ,5.83
9/1/1961,Canberra ,5.85
9/1/1961,Australia ,5.45
12/1/1961,Sydney ,5.35
12/1/1961,Melbourne ,5.63
12/1/1961,Brisbane,5.27
12/1/1961,Adelaide ,5.39
12/1/1961,Perth,5.40
12/1/1961,Hobart ,5.79
12/1/1961,Canberra ,5.93
12/1/1961,Australia ,5.45
3/1/1962,Sydney ,5.35
3/1/1962,Melbourne ,5.59
3/1/1962,Brisbane,5.31
3/1/1962,Adelaide ,5.35
3/1/1962,Perth,5.44
3/1/1962,Hobart ,5.75
3/1/1962,Canberra ,5.89
3/1/1962,Australia ,5.45
6/1/1962,Sydney ,5.35
6/1/1962,Melbourne ,5.59
6/1/1962,Brisbane,5.31
6/1/1962,Adelaide ,5.35
6/1/1962,Perth,5.44
6/1/1962,Hobart ,5.75
6/1/1962,Canberra ,5.89
6/1/1962,Australia ,5.45
9/1/1962,Sydney ,5.35
9/1/1962,Melbourne ,5.59
9/1/1962,Brisbane,5.31
9/1/1962,Adelaide ,5.35
9/1/1962,Perth,5.44
9/1/1962,Hobart ,5.75
9/1/1962,Canberra ,5.89
9/1/1962,Australia ,5.45
12/1/1962,Sydney ,5.39
12/1/1962,Melbourne ,5.59
12/1/1962,Brisbane,5.31
12/1/1962,Adelaide ,5.35
12/1/1962,Perth,5.44
12/1/1962,Hobart ,5.79
12/1/1962,Canberra ,5.93
12/1/1962,Australia ,5.45
3/1/1963,Sydney ,5.39
3/1/1963,Melbourne ,5.59
3/1/1963,Brisbane,5.31
3/1/1963,Adelaide ,5.35
3/1/1963,Perth,5.48
3/1/1963,Hobart ,5.79
3/1/1963,Canberra ,5.89
3/1/1963,Australia ,5.45
6/1/1963,Sydney ,5.39
6/1/1963,Melbourne ,5.63
6/1/1963,Brisbane,5.31
6/1/1963,Adelaide ,5.39
6/1/1963,Perth,5.48
6/1/1963,Hobart ,5.79
6/1/1963,Canberra ,5.89
6/1/1963,Australia ,5.45
9/1/1963,Sydney ,5.39
9/1/1963,Melbourne ,5.63
9/1/1963,Brisbane,5.34
9/1/1963,Adelaide ,5.39
9/1/1963,Perth,5.48
9/1/1963,Hobart ,5.79
9/1/1963,Canberra ,5.93
9/1/1963,Australia ,5.49
12/1/1963,Sydney ,5.39
12/1/1963,Melbourne ,5.63
12/1/1963,Brisbane,5.34
12/1/1963,Adelaide ,5.39
12/1/1963,Perth,5.51
12/1/1963,Hobart ,5.83
12/1/1963,Canberra ,5.93
12/1/1963,Australia ,5.49
3/1/1964,Sydney ,5.43
3/1/1964,Melbourne ,5.63
3/1/1964,Brisbane,5.38
3/1/1964,Adelaide ,5.43
3/1/1964,Perth,5.55
3/1/1964,Hobart ,5.83
3/1/1964,Canberra ,5.93
3/1/1964,Australia ,5.53
6/1/1964,Sydney ,5.51
6/1/1964,Melbourne ,5.71
6/1/1964,Brisbane,5.42
6/1/1964,Adelaide ,5.50
6/1/1964,Perth,5.59
6/1/1964,Hobart ,5.87
6/1/1964,Canberra ,5.97
6/1/1964,Australia ,5.57
9/1/1964,Sydney ,5.55
9/1/1964,Melbourne ,5.75
9/1/1964,Brisbane,5.49
9/1/1964,Adelaide ,5.58
9/1/1964,Perth,5.67
9/1/1964,Hobart ,5.95
9/1/1964,Canberra ,6.05
9/1/1964,Australia ,5.64
12/1/1964,Sydney ,5.62
12/1/1964,Melbourne ,5.87
12/1/1964,Brisbane,5.53
12/1/1964,Adelaide ,5.65
12/1/1964,Perth,5.67
12/1/1964,Hobart ,6.03
12/1/1964,Canberra ,6.13
12/1/1964,Australia ,5.68
3/1/1965,Sydney ,5.62
3/1/1965,Melbourne ,5.91
3/1/1965,Brisbane,5.60
3/1/1965,Adelaide ,5.65
3/1/1965,Perth,5.71
3/1/1965,Hobart ,6.03
3/1/1965,Canberra ,6.13
3/1/1965,Australia ,5.72
6/1/1965,Sydney ,5.70
6/1/1965,Melbourne ,5.99
6/1/1965,Brisbane,5.64
6/1/1965,Adelaide ,5.69
6/1/1965,Perth,5.79
6/1/1965,Hobart ,6.11
6/1/1965,Canberra ,6.21
6/1/1965,Australia ,5.80
9/1/1965,Sydney ,5.74
9/1/1965,Melbourne ,6.03
9/1/1965,Brisbane,5.75
9/1/1965,Adelaide ,5.73
9/1/1965,Perth,5.83
9/1/1965,Hobart ,6.19
9/1/1965,Canberra ,6.24
9/1/1965,Australia ,5.84
12/1/1965,Sydney ,5.82
12/1/1965,Melbourne ,6.11
12/1/1965,Brisbane,5.82
12/1/1965,Adelaide ,5.84
12/1/1965,Perth,5.86
12/1/1965,Hobart ,6.26
12/1/1965,Canberra ,6.32
12/1/1965,Australia ,5.91
3/1/1966,Sydney ,5.82
3/1/1966,Melbourne ,6.11
3/1/1966,Brisbane,5.86
3/1/1966,Adelaide ,5.84
3/1/1966,Perth,5.94
3/1/1966,Hobart ,6.22
3/1/1966,Canberra ,6.32
3/1/1966,Australia ,5.95
6/1/1966,Sydney ,5.86
6/1/1966,Melbourne ,6.15
6/1/1966,Brisbane,5.90
6/1/1966,Adelaide ,5.92
6/1/1966,Perth,6.06
6/1/1966,Hobart ,6.26
6/1/1966,Canberra ,6.32
6/1/1966,Australia ,5.99
9/1/1966,Sydney ,5.89
9/1/1966,Melbourne ,6.19
9/1/1966,Brisbane,5.93
9/1/1966,Adelaide ,5.92
9/1/1966,Perth,6.10
9/1/1966,Hobart ,6.26
9/1/1966,Canberra ,6.36
9/1/1966,Australia ,5.99
12/1/1966,Sydney ,5.93
12/1/1966,Melbourne ,6.23
12/1/1966,Brisbane,5.97
12/1/1966,Adelaide ,5.99
12/1/1966,Perth,6.14
12/1/1966,Hobart ,6.30
12/1/1966,Canberra ,6.40
12/1/1966,Australia ,6.07
3/1/1967,Sydney ,5.97
3/1/1967,Melbourne ,6.26
3/1/1967,Brisbane,6.01
3/1/1967,Adelaide ,6.03
3/1/1967,Perth,6.18
3/1/1967,Hobart ,6.38
3/1/1967,Canberra ,6.44
3/1/1967,Australia ,6.11
6/1/1967,Sydney ,6.01
6/1/1967,Melbourne ,6.38
6/1/1967,Brisbane,6.04
6/1/1967,Adelaide ,6.11
6/1/1967,Perth,6.25
6/1/1967,Hobart ,6.46
6/1/1967,Canberra ,6.52
6/1/1967,Australia ,6.15
9/1/1967,Sydney ,6.09
9/1/1967,Melbourne ,6.46
9/1/1967,Brisbane,6.16
9/1/1967,Adelaide ,6.18
9/1/1967,Perth,6.29
9/1/1967,Hobart ,6.62
9/1/1967,Canberra ,6.56
9/1/1967,Australia ,6.26
12/1/1967,Sydney ,6.13
12/1/1967,Melbourne ,6.46
12/1/1967,Brisbane,6.16
12/1/1967,Adelaide ,6.14
12/1/1967,Perth,6.33
12/1/1967,Hobart ,6.69
12/1/1967,Canberra ,6.60
12/1/1967,Australia ,6.26
3/1/1968,Sydney ,6.17
3/1/1968,Melbourne ,6.50
3/1/1968,Brisbane,6.19
3/1/1968,Adelaide ,6.18
3/1/1968,Perth,6.37
3/1/1968,Hobart ,6.65
3/1/1968,Canberra ,6.60
3/1/1968,Australia ,6.30
6/1/1968,Sydney ,6.20
6/1/1968,Melbourne ,6.58
6/1/1968,Brisbane,6.19
6/1/1968,Adelaide ,6.26
6/1/1968,Perth,6.41
6/1/1968,Hobart ,6.65
6/1/1968,Canberra ,6.64
6/1/1968,Australia ,6.34
9/1/1968,Sydney ,6.20
9/1/1968,Melbourne ,6.58
9/1/1968,Brisbane,6.27
9/1/1968,Adelaide ,6.26
9/1/1968,Perth,6.45
9/1/1968,Hobart ,6.69
9/1/1968,Canberra ,6.64
9/1/1968,Australia ,6.38
12/1/1968,Sydney ,6.32
12/1/1968,Melbourne ,6.62
12/1/1968,Brisbane,6.30
12/1/1968,Adelaide ,6.30
12/1/1968,Perth,6.45
12/1/1968,Hobart ,6.73
12/1/1968,Canberra ,6.68
12/1/1968,Australia ,6.42
3/1/1969,Sydney ,6.36
3/1/1969,Melbourne ,6.66
3/1/1969,Brisbane,6.34
3/1/1969,Adelaide ,6.33
3/1/1969,Perth,6.52
3/1/1969,Hobart ,6.77
3/1/1969,Canberra ,6.76
3/1/1969,Australia ,6.49
6/1/1969,Sydney ,6.40
6/1/1969,Melbourne ,6.70
6/1/1969,Brisbane,6.38
6/1/1969,Adelaide ,6.37
6/1/1969,Perth,6.60
6/1/1969,Hobart ,6.81
6/1/1969,Canberra ,6.76
6/1/1969,Australia ,6.53
9/1/1969,Sydney ,6.44
9/1/1969,Melbourne ,6.74
9/1/1969,Brisbane,6.41
9/1/1969,Adelaide ,6.41
9/1/1969,Perth,6.64
9/1/1969,Hobart ,6.81
9/1/1969,Canberra ,6.79
9/1/1969,Australia ,6.57
12/1/1969,Sydney ,6.52
12/1/1969,Melbourne ,6.78
12/1/1969,Brisbane,6.45
12/1/1969,Adelaide ,6.45
12/1/1969,Perth,6.72
12/1/1969,Hobart ,6.89
12/1/1969,Canberra ,6.87
12/1/1969,Australia ,6.61
3/1/1970,Sydney ,6.63
3/1/1970,Melbourne ,6.82
3/1/1970,Brisbane,6.52
3/1/1970,Adelaide ,6.48
3/1/1970,Perth,6.76
3/1/1970,Hobart ,6.93
3/1/1970,Canberra ,6.95
3/1/1970,Australia ,6.69
6/1/1970,Sydney ,6.71
6/1/1970,Melbourne ,6.89
6/1/1970,Brisbane,6.56
6/1/1970,Adelaide ,6.60
6/1/1970,Perth,6.87
6/1/1970,Hobart ,6.97
6/1/1970,Canberra ,6.99
6/1/1970,Australia ,6.77
9/1/1970,Sydney ,6.71
9/1/1970,Melbourne ,6.93
9/1/1970,Brisbane,6.63
9/1/1970,Adelaide ,6.60
9/1/1970,Perth,6.87
9/1/1970,Hobart ,7.01
9/1/1970,Canberra ,7.07
9/1/1970,Australia ,6.80
12/1/1970,Sydney ,6.90
12/1/1970,Melbourne ,7.05
12/1/1970,Brisbane,6.78
12/1/1970,Adelaide ,6.71
12/1/1970,Perth,6.99
12/1/1970,Hobart ,7.16
12/1/1970,Canberra ,7.27
12/1/1970,Australia ,6.92
3/1/1971,Sydney ,6.98
3/1/1971,Melbourne ,7.13
3/1/1971,Brisbane,6.89
3/1/1971,Adelaide ,6.79
3/1/1971,Perth,7.07
3/1/1971,Hobart ,7.20
3/1/1971,Canberra ,7.30
3/1/1971,Australia ,7.00
6/1/1971,Sydney ,7.14
6/1/1971,Melbourne ,7.21
6/1/1971,Brisbane,7.00
6/1/1971,Adelaide ,6.94
6/1/1971,Perth,7.15
6/1/1971,Hobart ,7.32
6/1/1971,Canberra ,7.42
6/1/1971,Australia ,7.11
9/1/1971,Sydney ,7.33
9/1/1971,Melbourne ,7.29
9/1/1971,Brisbane,7.11
9/1/1971,Adelaide ,6.97
9/1/1971,Perth,7.22
9/1/1971,Hobart ,7.44
9/1/1971,Canberra ,7.54
9/1/1971,Australia ,7.27
12/1/1971,Sydney ,7.52
12/1/1971,Melbourne ,7.49
12/1/1971,Brisbane,7.26
12/1/1971,Adelaide ,7.16
12/1/1971,Perth,7.42
12/1/1971,Hobart ,7.67
12/1/1971,Canberra ,7.66
12/1/1971,Australia ,7.42
3/1/1972,Sydney ,7.60
3/1/1972,Melbourne ,7.56
3/1/1972,Brisbane,7.33
3/1/1972,Adelaide ,7.20
3/1/1972,Perth,7.50
3/1/1972,Hobart ,7.71
3/1/1972,Canberra ,7.70
3/1/1972,Australia ,7.50
6/1/1972,Sydney ,7.68
6/1/1972,Melbourne ,7.64
6/1/1972,Brisbane,7.41
6/1/1972,Adelaide ,7.28
6/1/1972,Perth,7.57
6/1/1972,Hobart ,7.75
6/1/1972,Canberra ,7.78
6/1/1972,Australia ,7.58
9/1/1972,Sydney ,7.76
9/1/1972,Melbourne ,7.72
9/1/1972,Brisbane,7.45
9/1/1972,Adelaide ,7.39
9/1/1972,Perth,7.69
9/1/1972,Hobart ,7.87
9/1/1972,Canberra ,7.89
9/1/1972,Australia ,7.69
12/1/1972,Sydney ,7.83
12/1/1972,Melbourne ,7.80
12/1/1972,Brisbane,7.56
12/1/1972,Adelaide ,7.46
12/1/1972,Perth,7.73
12/1/1972,Hobart ,7.95
12/1/1972,Canberra ,8.01
12/1/1972,Australia ,7.77
3/1/1973,Sydney ,8.03
3/1/1973,Melbourne ,8.00
3/1/1973,Brisbane,7.74
3/1/1973,Adelaide ,7.61
3/1/1973,Perth,7.88
3/1/1973,Hobart ,8.10
3/1/1973,Canberra ,8.17
3/1/1973,Australia ,7.93
6/1/1973,Sydney ,8.26
6/1/1973,Melbourne ,8.27
6/1/1973,Brisbane,8.00
6/1/1973,Adelaide ,7.92
6/1/1973,Perth,8.08
6/1/1973,Hobart ,8.34
6/1/1973,Canberra ,8.40
6/1/1973,Australia ,8.20
9/1/1973,Sydney ,8.57
9/1/1973,Melbourne ,8.59
9/1/1973,Brisbane,8.33
9/1/1973,Adelaide ,8.18
9/1/1973,Perth,8.27
9/1/1973,Hobart ,8.61
9/1/1973,Canberra ,8.72
9/1/1973,Australia ,8.47
12/1/1973,Sydney ,8.92
12/1/1973,Melbourne ,8.87
12/1/1973,Brisbane,8.62
12/1/1973,Adelaide ,8.52
12/1/1973,Perth,8.54
12/1/1973,Hobart ,8.96
12/1/1973,Canberra ,9.07
12/1/1973,Australia ,8.78
3/1/1974,Sydney ,9.07
3/1/1974,Melbourne ,9.10
3/1/1974,Brisbane,8.85
3/1/1974,Adelaide ,8.75
3/1/1974,Perth,8.74
3/1/1974,Hobart ,9.16
3/1/1974,Canberra ,9.31
3/1/1974,Australia ,9.01
6/1/1974,Sydney ,9.46
6/1/1974,Melbourne ,9.50
6/1/1974,Brisbane,9.14
6/1/1974,Adelaide ,9.12
6/1/1974,Perth,9.05
6/1/1974,Hobart ,9.55
6/1/1974,Canberra ,9.62
6/1/1974,Australia ,9.39
9/1/1974,Sydney ,9.97
9/1/1974,Melbourne ,9.97
9/1/1974,Brisbane,9.66
9/1/1974,Adelaide ,9.57
9/1/1974,Perth,9.48
9/1/1974,Hobart ,10.02
9/1/1974,Canberra ,10.13
9/1/1974,Australia ,9.86
12/1/1974,Sydney ,10.32
12/1/1974,Melbourne ,10.28
12/1/1974,Brisbane,9.95
12/1/1974,Adelaide ,9.99
12/1/1974,Perth,10.06
12/1/1974,Hobart ,10.53
12/1/1974,Canberra ,10.45
12/1/1974,Australia ,10.21
3/1/1975,Sydney ,10.63
3/1/1975,Melbourne ,10.72
3/1/1975,Brisbane,10.21
3/1/1975,Adelaide ,10.44
3/1/1975,Perth,10.45
3/1/1975,Hobart ,10.77
3/1/1975,Canberra ,10.68
3/1/1975,Australia ,10.59
6/1/1975,Sydney ,11.05
6/1/1975,Melbourne ,11.07
6/1/1975,Brisbane,10.50
6/1/1975,Adelaide ,10.78
6/1/1975,Perth,10.87
6/1/1975,Hobart ,11.12
6/1/1975,Canberra ,11.15
6/1/1975,Australia ,10.98
9/1/1975,Sydney ,11.21
9/1/1975,Melbourne ,11.11
9/1/1975,Brisbane,10.69
9/1/1975,Adelaide ,10.71
9/1/1975,Perth,10.87
9/1/1975,Hobart ,11.20
9/1/1975,Canberra ,11.11
9/1/1975,Australia ,11.06
12/1/1975,Sydney ,11.71
12/1/1975,Melbourne ,11.78
12/1/1975,Brisbane,11.35
12/1/1975,Adelaide ,11.31
12/1/1975,Perth,11.53
12/1/1975,Hobart ,12.06
12/1/1975,Canberra ,12.02
12/1/1975,Australia ,11.68
3/1/1976,Sydney ,12.10
3/1/1976,Melbourne ,12.10
3/1/1976,Brisbane,11.68
3/1/1976,Adelaide ,11.69
3/1/1976,Perth,11.92
3/1/1976,Hobart ,12.37
3/1/1976,Canberra ,12.33
3/1/1976,Australia ,11.98
6/1/1976,Sydney ,12.37
6/1/1976,Melbourne ,12.41
6/1/1976,Brisbane,11.98
6/1/1976,Adelaide ,12.02
6/1/1976,Perth,12.35
6/1/1976,Hobart ,12.76
6/1/1976,Canberra ,12.72
6/1/1976,Australia ,12.29
9/1/1976,Sydney ,12.57
9/1/1976,Melbourne ,12.73
9/1/1976,Brisbane,12.27
9/1/1976,Adelaide ,12.36
9/1/1976,Perth,12.66
9/1/1976,Hobart ,13.07
9/1/1976,Canberra ,13.00
9/1/1976,Australia ,12.60
12/1/1976,Sydney ,13.26
12/1/1976,Melbourne ,13.47
12/1/1976,Brisbane,13.01
12/1/1976,Adelaide ,13.19
12/1/1976,Perth,13.48
12/1/1976,Hobart ,13.82
12/1/1976,Canberra ,13.71
12/1/1976,Australia ,13.34
3/1/1977,Sydney ,13.53
3/1/1977,Melbourne ,13.83
3/1/1977,Brisbane,13.31
3/1/1977,Adelaide ,13.49
3/1/1977,Perth,13.79
3/1/1977,Hobart ,14.09
3/1/1977,Canberra ,13.94
3/1/1977,Australia ,13.65
6/1/1977,Sydney ,13.84
6/1/1977,Melbourne ,14.22
6/1/1977,Brisbane,13.56
6/1/1977,Adelaide ,13.80
6/1/1977,Perth,14.10
6/1/1977,Hobart ,14.45
6/1/1977,Canberra ,14.18
6/1/1977,Australia ,13.96
9/1/1977,Sydney ,14.08
9/1/1977,Melbourne ,14.50
9/1/1977,Brisbane,13.82
9/1/1977,Adelaide ,14.14
9/1/1977,Perth,14.45
9/1/1977,Hobart ,14.76
9/1/1977,Canberra ,14.45
9/1/1977,Australia ,14.23
12/1/1977,Sydney ,14.39
12/1/1977,Melbourne ,14.81
12/1/1977,Brisbane,14.12
12/1/1977,Adelaide ,14.47
12/1/1977,Perth,14.95
12/1/1977,Hobart ,15.15
12/1/1977,Canberra ,14.92
12/1/1977,Australia ,14.57
3/1/1978,Sydney ,14.58
3/1/1978,Melbourne ,14.97
3/1/1978,Brisbane,14.37
3/1/1978,Adelaide ,14.59
3/1/1978,Perth,15.11
3/1/1978,Hobart ,15.35
3/1/1978,Canberra ,15.08
3/1/1978,Australia ,14.77
6/1/1978,Sydney ,14.89
6/1/1978,Melbourne ,15.37
6/1/1978,Brisbane,14.67
6/1/1978,Adelaide ,14.89
6/1/1978,Perth,15.38
6/1/1978,Hobart ,15.62
6/1/1978,Canberra ,15.32
6/1/1978,Australia ,15.08
9/1/1978,Sydney ,15.20
9/1/1978,Melbourne ,15.60
9/1/1978,Brisbane,14.93
9/1/1978,Adelaide ,15.19
9/1/1978,Perth,15.69
9/1/1978,Hobart ,15.85
9/1/1978,Canberra ,15.63
9/1/1978,Australia ,15.35
12/1/1978,Sydney ,15.55
12/1/1978,Melbourne ,15.88
12/1/1978,Brisbane,15.41
12/1/1978,Adelaide ,15.42
12/1/1978,Perth,16.04
12/1/1978,Hobart ,16.21
12/1/1978,Canberra ,15.98
12/1/1978,Australia ,15.70
3/1/1979,Sydney ,15.86
3/1/1979,Melbourne ,16.19
3/1/1979,Brisbane,15.52
3/1/1979,Adelaide ,15.68
3/1/1979,Perth,16.27
3/1/1979,Hobart ,16.56
3/1/1979,Canberra ,16.26
3/1/1979,Australia ,15.97
6/1/1979,Sydney ,16.33
6/1/1979,Melbourne ,16.59
6/1/1979,Brisbane,15.85
6/1/1979,Adelaide ,16.10
6/1/1979,Perth,16.70
6/1/1979,Hobart ,16.99
6/1/1979,Canberra ,16.77
6/1/1979,Australia ,16.39
9/1/1979,Sydney ,16.71
9/1/1979,Melbourne ,17.06
9/1/1979,Brisbane,16.22
9/1/1979,Adelaide ,16.40
9/1/1979,Perth,17.01
9/1/1979,Hobart ,17.42
9/1/1979,Canberra ,17.20
9/1/1979,Australia ,16.78
12/1/1979,Sydney ,17.18
12/1/1979,Melbourne ,17.53
12/1/1979,Brisbane,16.73
12/1/1979,Adelaide ,17.04
12/1/1979,Perth,17.59
12/1/1979,Hobart ,17.89
12/1/1979,Canberra ,17.63
12/1/1979,Australia ,17.28
3/1/1980,Sydney ,17.65
3/1/1980,Melbourne ,17.81
3/1/1980,Brisbane,17.18
3/1/1980,Adelaide ,17.34
3/1/1980,Perth,17.90
3/1/1980,Hobart ,18.28
3/1/1980,Canberra ,18.11
3/1/1980,Australia ,17.67
6/1/1980,Sydney ,18.11
6/1/1980,Melbourne ,18.36
6/1/1980,Brisbane,17.58
6/1/1980,Adelaide ,17.87
6/1/1980,Perth,18.33
6/1/1980,Hobart ,18.71
6/1/1980,Canberra ,18.62
6/1/1980,Australia ,18.17
9/1/1980,Sydney ,18.46
9/1/1980,Melbourne ,18.71
9/1/1980,Brisbane,17.88
9/1/1980,Adelaide ,18.09
9/1/1980,Perth,18.76
9/1/1980,Hobart ,19.14
9/1/1980,Darwin ,20.94
9/1/1980,Canberra ,18.97
9/1/1980,Australia ,18.48
12/1/1980,Sydney ,18.85
12/1/1980,Melbourne ,19.11
12/1/1980,Brisbane,18.28
12/1/1980,Adelaide ,18.47
12/1/1980,Perth,19.03
12/1/1980,Hobart ,19.49
12/1/1980,Darwin ,21.44
12/1/1980,Canberra ,19.40
12/1/1980,Australia ,18.87
3/1/1981,Sydney ,19.35
3/1/1981,Melbourne ,19.54
3/1/1981,Brisbane,18.65
3/1/1981,Adelaide ,18.96
3/1/1981,Perth,19.42
3/1/1981,Hobart ,19.93
3/1/1981,Darwin ,21.85
3/1/1981,Canberra ,19.79
3/1/1981,Australia ,19.33
6/1/1981,Sydney ,19.74
6/1/1981,Melbourne ,19.98
6/1/1981,Brisbane,19.17
6/1/1981,Adelaide ,19.41
6/1/1981,Perth,19.85
6/1/1981,Hobart ,20.36
6/1/1981,Darwin ,22.26
6/1/1981,Canberra ,20.30
6/1/1981,Australia ,19.76
9/1/1981,Sydney ,20.09
9/1/1981,Melbourne ,20.41
9/1/1981,Brisbane,19.61
9/1/1981,Adelaide ,19.83
9/1/1981,Perth,20.51
9/1/1981,Hobart ,20.87
9/1/1981,Darwin ,22.71
9/1/1981,Canberra ,20.74
9/1/1981,Australia ,20.14
12/1/1981,Sydney ,20.90
12/1/1981,Melbourne ,21.32
12/1/1981,Brisbane,20.35
12/1/1981,Adelaide ,20.62
12/1/1981,Perth,21.40
12/1/1981,Hobart ,21.65
12/1/1981,Darwin ,24.06
12/1/1981,Canberra ,21.56
12/1/1981,Australia ,20.99
3/1/1982,Sydney ,21.29
3/1/1982,Melbourne ,21.59
3/1/1982,Brisbane,20.82
3/1/1982,Adelaide ,20.92
3/1/1982,Perth,21.63
3/1/1982,Hobart ,21.96
3/1/1982,Darwin ,24.43
3/1/1982,Canberra ,21.91
3/1/1982,Australia ,21.38
6/1/1982,Sydney ,21.91
6/1/1982,Melbourne ,22.10
6/1/1982,Brisbane,21.12
6/1/1982,Adelaide ,21.45
6/1/1982,Perth,22.06
6/1/1982,Hobart ,22.39
6/1/1982,Darwin ,24.84
6/1/1982,Canberra ,22.58
6/1/1982,Australia ,21.88
9/1/1982,Sydney ,22.69
9/1/1982,Melbourne ,22.89
9/1/1982,Brisbane,21.82
9/1/1982,Adelaide ,22.20
9/1/1982,Perth,22.84
9/1/1982,Hobart ,23.10
9/1/1982,Darwin ,25.66
9/1/1982,Canberra ,23.29
9/1/1982,Australia ,22.65
12/1/1982,Sydney ,23.39
12/1/1982,Melbourne ,23.48
12/1/1982,Brisbane,22.56
12/1/1982,Adelaide ,22.81
12/1/1982,Perth,23.46
12/1/1982,Hobart ,23.88
12/1/1982,Darwin ,26.40
12/1/1982,Canberra ,24.19
12/1/1982,Australia ,23.31
3/1/1983,Sydney ,23.89
3/1/1983,Melbourne ,23.99
3/1/1983,Brisbane,23.11
3/1/1983,Adelaide ,23.45
3/1/1983,Perth,23.81
3/1/1983,Hobart ,24.39
3/1/1983,Darwin ,26.94
3/1/1983,Canberra ,24.70
3/1/1983,Australia ,23.81
6/1/1983,Sydney ,24.35
6/1/1983,Melbourne ,24.66
6/1/1983,Brisbane,23.40
6/1/1983,Adelaide ,24.09
6/1/1983,Perth,24.23
6/1/1983,Hobart ,24.86
6/1/1983,Darwin ,27.43
6/1/1983,Canberra ,25.10
6/1/1983,Australia ,24.32
9/1/1983,Sydney ,24.66
9/1/1983,Melbourne ,25.06
9/1/1983,Brisbane,23.92
9/1/1983,Adelaide ,24.43
9/1/1983,Perth,24.93
9/1/1983,Hobart ,25.17
9/1/1983,Darwin ,27.80
9/1/1983,Canberra ,25.45
9/1/1983,Australia ,24.74
12/1/1983,Sydney ,25.17
12/1/1983,Melbourne ,25.81
12/1/1983,Brisbane,24.40
12/1/1983,Adelaide ,24.92
12/1/1983,Perth,25.48
12/1/1983,Hobart ,25.76
12/1/1983,Darwin ,28.17
12/1/1983,Canberra ,26.08
12/1/1983,Australia ,25.32
3/1/1984,Sydney ,25.05
3/1/1984,Melbourne ,25.65
3/1/1984,Brisbane,24.47
3/1/1984,Adelaide ,24.92
3/1/1984,Perth,25.24
3/1/1984,Hobart ,25.80
3/1/1984,Darwin ,28.29
3/1/1984,Canberra ,26.12
3/1/1984,Australia ,25.21
6/1/1984,Sydney ,25.05
6/1/1984,Melbourne ,25.73
6/1/1984,Brisbane,24.66
6/1/1984,Adelaide ,24.95
6/1/1984,Perth,25.24
6/1/1984,Hobart ,25.84
6/1/1984,Darwin ,28.29
6/1/1984,Canberra ,26.16
6/1/1984,Australia ,25.28
9/1/1984,Sydney ,25.36
9/1/1984,Melbourne ,26.12
9/1/1984,Brisbane,24.99
9/1/1984,Adelaide ,25.22
9/1/1984,Perth,25.63
9/1/1984,Hobart ,26.11
9/1/1984,Darwin ,28.66
9/1/1984,Canberra ,26.55
9/1/1984,Australia ,25.59
12/1/1984,Sydney ,25.75
12/1/1984,Melbourne ,26.44
12/1/1984,Brisbane,25.25
12/1/1984,Adelaide ,25.75
12/1/1984,Perth,25.94
12/1/1984,Hobart ,26.62
12/1/1984,Darwin ,28.95
12/1/1984,Canberra ,26.94
12/1/1984,Australia ,25.98
3/1/1985,Sydney ,26.14
3/1/1985,Melbourne ,26.75
3/1/1985,Brisbane,25.65
3/1/1985,Adelaide ,26.12
3/1/1985,Perth,26.33
3/1/1985,Hobart ,27.05
3/1/1985,Darwin ,29.24
3/1/1985,Canberra ,27.37
3/1/1985,Australia ,26.33
6/1/1985,Sydney ,26.68
6/1/1985,Melbourne ,27.54
6/1/1985,Brisbane,26.10
6/1/1985,Adelaide ,26.80
6/1/1985,Perth,26.95
6/1/1985,Hobart ,27.68
6/1/1985,Darwin ,29.89
6/1/1985,Canberra ,28.00
6/1/1985,Australia ,26.95
9/1/1985,Sydney ,27.26
9/1/1985,Melbourne ,28.13
9/1/1985,Brisbane,26.76
9/1/1985,Adelaide ,27.37
9/1/1985,Perth,27.50
9/1/1985,Hobart ,28.38
9/1/1985,Darwin ,30.96
9/1/1985,Canberra ,28.67
9/1/1985,Australia ,27.56
12/1/1985,Sydney ,27.88
12/1/1985,Melbourne ,28.60
12/1/1985,Brisbane,27.27
12/1/1985,Adelaide ,27.93
12/1/1985,Perth,28.12
12/1/1985,Hobart ,28.97
12/1/1985,Darwin ,31.29
12/1/1985,Canberra ,29.30
12/1/1985,Australia ,28.11
3/1/1986,Sydney ,28.54
3/1/1986,Melbourne ,29.39
3/1/1986,Brisbane,27.94
3/1/1986,Adelaide ,28.35
3/1/1986,Perth,28.58
3/1/1986,Hobart ,29.40
3/1/1986,Darwin ,31.87
3/1/1986,Canberra ,29.93
3/1/1986,Australia ,28.76
6/1/1986,Sydney ,29.05
6/1/1986,Melbourne ,29.83
6/1/1986,Brisbane,28.23
6/1/1986,Adelaide ,28.91
6/1/1986,Perth,29.05
6/1/1986,Hobart ,30.06
6/1/1986,Darwin ,32.28
6/1/1986,Canberra ,30.44
6/1/1986,Australia ,29.23
9/1/1986,Sydney ,29.75
9/1/1986,Melbourne ,30.61
9/1/1986,Brisbane,28.93
9/1/1986,Adelaide ,29.78
9/1/1986,Perth,30.02
9/1/1986,Hobart ,30.85
9/1/1986,Darwin ,33.14
9/1/1986,Canberra ,31.07
9/1/1986,Australia ,30.00
12/1/1986,Sydney ,30.60
12/1/1986,Melbourne ,31.52
12/1/1986,Brisbane,29.71
12/1/1986,Adelaide ,30.53
12/1/1986,Perth,30.95
12/1/1986,Hobart ,31.87
12/1/1986,Darwin ,34.29
12/1/1986,Canberra ,31.85
12/1/1986,Australia ,30.85
3/1/1987,Sydney ,31.22
3/1/1987,Melbourne ,32.11
3/1/1987,Brisbane,30.33
3/1/1987,Adelaide ,31.06
3/1/1987,Perth,31.54
3/1/1987,Hobart ,32.53
3/1/1987,Darwin ,34.86
3/1/1987,Canberra ,32.40
3/1/1987,Australia ,31.47
6/1/1987,Sydney ,31.72
6/1/1987,Melbourne ,32.62
6/1/1987,Brisbane,30.70
6/1/1987,Adelaide ,31.55
6/1/1987,Perth,32.08
6/1/1987,Hobart ,33.04
6/1/1987,Darwin ,35.44
6/1/1987,Canberra ,32.91
6/1/1987,Australia ,31.93
9/1/1987,Sydney ,32.27
9/1/1987,Melbourne ,33.21
9/1/1987,Brisbane,31.14
9/1/1987,Adelaide ,31.93
9/1/1987,Perth,32.55
9/1/1987,Hobart ,33.63
9/1/1987,Darwin ,36.01
9/1/1987,Canberra ,33.34
9/1/1987,Australia ,32.47
12/1/1987,Sydney ,32.81
12/1/1987,Melbourne ,33.77
12/1/1987,Brisbane,31.73
12/1/1987,Adelaide ,32.57
12/1/1987,Perth,33.09
12/1/1987,Hobart ,34.14
12/1/1987,Darwin ,36.63
12/1/1987,Canberra ,33.93
12/1/1987,Australia ,33.05
3/1/1988,Sydney ,33.55
3/1/1988,Melbourne ,34.28
3/1/1988,Brisbane,32.29
3/1/1988,Adelaide ,33.02
3/1/1988,Perth,33.63
3/1/1988,Hobart ,34.72
3/1/1988,Darwin ,37.12
3/1/1988,Canberra ,34.60
3/1/1988,Australia ,33.63
6/1/1988,Sydney ,34.05
6/1/1988,Melbourne ,34.91
6/1/1988,Brisbane,32.91
6/1/1988,Adelaide ,33.59
6/1/1988,Perth,34.22
6/1/1988,Hobart ,35.23
6/1/1988,Darwin ,37.70
6/1/1988,Canberra ,35.23
6/1/1988,Australia ,34.21
9/1/1988,Sydney ,34.94
9/1/1988,Melbourne ,35.42
9/1/1988,Brisbane,33.39
9/1/1988,Adelaide ,34.23
9/1/1988,Perth,34.91
9/1/1988,Hobart ,35.66
9/1/1988,Darwin ,37.94
9/1/1988,Canberra ,35.66
9/1/1988,Australia ,34.87
12/1/1988,Sydney ,35.83
12/1/1988,Melbourne ,36.05
12/1/1988,Brisbane,33.98
12/1/1988,Adelaide ,34.79
12/1/1988,Perth,35.65
12/1/1988,Hobart ,36.21
12/1/1988,Darwin ,38.31
12/1/1988,Canberra ,36.29
12/1/1988,Australia ,35.57
3/1/1989,Sydney ,35.87
3/1/1989,Melbourne ,36.52
3/1/1989,Brisbane,34.46
3/1/1989,Adelaide ,35.51
3/1/1989,Perth,36.00
3/1/1989,Hobart ,36.88
3/1/1989,Darwin ,38.89
3/1/1989,Canberra ,36.72
3/1/1989,Australia ,35.91
6/1/1989,Sydney ,36.76
6/1/1989,Melbourne ,37.51
6/1/1989,Brisbane,35.31
6/1/1989,Adelaide ,36.19
6/1/1989,Perth,36.78
6/1/1989,Hobart ,37.58
6/1/1989,Darwin ,39.54
6/1/1989,Canberra ,37.58
6/1/1989,Australia ,36.80
9/1/1989,Sydney ,37.77
9/1/1989,Melbourne ,38.34
9/1/1989,Brisbane,35.97
9/1/1989,Adelaide ,36.83
9/1/1989,Perth,37.63
9/1/1989,Hobart ,38.21
9/1/1989,Darwin ,40.08
9/1/1989,Canberra ,38.17
9/1/1989,Australia ,37.65
12/1/1989,Sydney ,38.47
12/1/1989,Melbourne ,39.08
12/1/1989,Brisbane,36.60
12/1/1989,Adelaide ,37.39
12/1/1989,Perth,38.41
12/1/1989,Hobart ,38.91
12/1/1989,Darwin ,40.82
12/1/1989,Canberra ,39.00
12/1/1989,Australia ,38.35
3/1/1990,Sydney ,39.13
3/1/1990,Melbourne ,39.68
3/1/1990,Brisbane,37.15
3/1/1990,Adelaide ,37.92
3/1/1990,Perth,39.30
3/1/1990,Hobart ,39.54
3/1/1990,Darwin ,41.31
3/1/1990,Canberra ,39.74
3/1/1990,Australia ,39.01
6/1/1990,Sydney ,39.75
6/1/1990,Melbourne ,40.46
6/1/1990,Brisbane,37.67
6/1/1990,Adelaide ,38.64
6/1/1990,Perth,39.96
6/1/1990,Hobart ,39.89
6/1/1990,Darwin ,42.05
6/1/1990,Canberra ,40.18
6/1/1990,Australia ,39.63
9/1/1990,Sydney ,39.98
9/1/1990,Melbourne ,40.78
9/1/1990,Brisbane,37.89
9/1/1990,Adelaide ,39.13
9/1/1990,Perth,40.27
9/1/1990,Hobart ,40.32
9/1/1990,Darwin ,42.50
9/1/1990,Canberra ,40.49
9/1/1990,Australia ,39.94
12/1/1990,Sydney ,40.91
12/1/1990,Melbourne ,42.00
12/1/1990,Brisbane,38.85
12/1/1990,Adelaide ,40.30
12/1/1990,Perth,41.25
12/1/1990,Hobart ,41.30
12/1/1990,Darwin ,43.69
12/1/1990,Canberra ,41.63
12/1/1990,Australia ,40.98
3/1/1991,Sydney ,40.99
3/1/1991,Melbourne ,41.80
3/1/1991,Brisbane,38.96
3/1/1991,Adelaide ,40.22
3/1/1991,Perth,40.86
3/1/1991,Hobart ,41.18
3/1/1991,Darwin ,43.57
3/1/1991,Canberra ,41.43
3/1/1991,Australia ,40.90
6/1/1991,Sydney ,40.88
6/1/1991,Melbourne ,42.08
6/1/1991,Brisbane,38.96
6/1/1991,Adelaide ,40.45
6/1/1991,Perth,40.82
6/1/1991,Hobart ,41.42
6/1/1991,Darwin ,43.77
6/1/1991,Canberra ,41.47
6/1/1991,Australia ,40.98
9/1/1991,Sydney ,41.11
9/1/1991,Melbourne ,42.39
9/1/1991,Brisbane,39.11
9/1/1991,Adelaide ,40.71
9/1/1991,Perth,41.05
9/1/1991,Hobart ,41.77
9/1/1991,Darwin ,43.90
9/1/1991,Canberra ,42.02
9/1/1991,Australia ,41.21
12/1/1991,Sydney ,41.53
12/1/1991,Melbourne ,42.71
12/1/1991,Brisbane,39.55
12/1/1991,Adelaide ,41.01
12/1/1991,Perth,41.21
12/1/1991,Hobart ,42.04
12/1/1991,Darwin ,44.43
12/1/1991,Canberra ,42.38
12/1/1991,Australia ,41.60
3/1/1992,Sydney ,41.50
3/1/1992,Melbourne ,42.67
3/1/1992,Brisbane,39.62
3/1/1992,Adelaide ,41.28
3/1/1992,Perth,41.21
3/1/1992,Hobart ,42.04
3/1/1992,Darwin ,44.47
3/1/1992,Canberra ,42.49
3/1/1992,Australia ,41.60
6/1/1992,Sydney ,41.30
6/1/1992,Melbourne ,42.63
6/1/1992,Brisbane,39.44
6/1/1992,Adelaide ,41.24
6/1/1992,Perth,41.01
6/1/1992,Hobart ,41.89
6/1/1992,Darwin ,44.51
6/1/1992,Canberra ,42.38
6/1/1992,Australia ,41.48
9/1/1992,Sydney ,41.46
9/1/1992,Melbourne ,42.51
9/1/1992,Brisbane,39.40
9/1/1992,Adelaide ,41.50
9/1/1992,Perth,40.97
9/1/1992,Hobart ,42.12
9/1/1992,Darwin ,44.72
9/1/1992,Canberra ,42.65
9/1/1992,Australia ,41.52
12/1/1992,Sydney ,41.65
12/1/1992,Melbourne ,42.63
12/1/1992,Brisbane,39.84
12/1/1992,Adelaide ,41.73
12/1/1992,Perth,41.21
12/1/1992,Hobart ,42.28
12/1/1992,Darwin ,44.84
12/1/1992,Canberra ,42.81
12/1/1992,Australia ,41.71
3/1/1993,Sydney ,41.96
3/1/1993,Melbourne ,43.14
3/1/1993,Brisbane,40.21
3/1/1993,Adelaide ,42.07
3/1/1993,Perth,41.32
3/1/1993,Hobart ,42.71
3/1/1993,Darwin ,45.09
3/1/1993,Canberra ,43.24
3/1/1993,Australia ,42.10
6/1/1993,Sydney ,42.04
6/1/1993,Melbourne ,43.38
6/1/1993,Brisbane,40.43
6/1/1993,Adelaide ,42.33
6/1/1993,Perth,41.48
6/1/1993,Hobart ,42.83
6/1/1993,Darwin ,45.17
6/1/1993,Canberra ,43.32
6/1/1993,Australia ,42.25
9/1/1993,Sydney ,42.16
9/1/1993,Melbourne ,43.54
9/1/1993,Brisbane,40.51
9/1/1993,Adelaide ,42.48
9/1/1993,Perth,41.91
9/1/1993,Hobart ,43.45
9/1/1993,Darwin ,45.42
9/1/1993,Canberra ,43.59
9/1/1993,Australia ,42.45
12/1/1993,Sydney ,42.19
12/1/1993,Melbourne ,43.66
12/1/1993,Brisbane,40.62
12/1/1993,Adelaide ,42.52
12/1/1993,Perth,42.14
12/1/1993,Hobart ,43.69
12/1/1993,Darwin ,45.87
12/1/1993,Canberra ,43.71
12/1/1993,Australia ,42.53
3/1/1994,Sydney ,42.31
3/1/1994,Melbourne ,43.81
3/1/1994,Brisbane,40.84
3/1/1994,Adelaide ,42.82
3/1/1994,Perth,42.18
3/1/1994,Hobart ,43.80
3/1/1994,Darwin ,45.74
3/1/1994,Canberra ,43.75
3/1/1994,Australia ,42.68
6/1/1994,Sydney ,42.66
6/1/1994,Melbourne ,44.13
6/1/1994,Brisbane,41.10
6/1/1994,Adelaide ,43.12
6/1/1994,Perth,42.37
6/1/1994,Hobart ,44.00
6/1/1994,Darwin ,46.16
6/1/1994,Canberra ,43.99
6/1/1994,Australia ,42.99
9/1/1994,Sydney ,43.05
9/1/1994,Melbourne ,44.21
9/1/1994,Brisbane,41.46
9/1/1994,Adelaide ,43.31
9/1/1994,Perth,42.76
9/1/1994,Hobart ,44.35
9/1/1994,Darwin ,46.40
9/1/1994,Canberra ,44.22
9/1/1994,Australia ,43.26
12/1/1994,Sydney ,43.36
12/1/1994,Melbourne ,44.56
12/1/1994,Brisbane,41.91
12/1/1994,Adelaide ,43.73
12/1/1994,Perth,43.11
12/1/1994,Hobart ,44.71
12/1/1994,Darwin ,46.69
12/1/1994,Canberra ,44.69
12/1/1994,Australia ,43.61
3/1/1995,Sydney ,44.09
3/1/1995,Melbourne ,45.31
3/1/1995,Brisbane,42.68
3/1/1995,Adelaide ,44.40
3/1/1995,Perth,43.89
3/1/1995,Hobart ,45.45
3/1/1995,Darwin ,47.35
3/1/1995,Canberra ,45.67
3/1/1995,Australia ,44.34
6/1/1995,Sydney ,44.75
6/1/1995,Melbourne ,45.78
6/1/1995,Brisbane,43.09
6/1/1995,Adelaide ,44.78
6/1/1995,Perth,44.62
6/1/1995,Hobart ,45.84
6/1/1995,Darwin ,47.96
6/1/1995,Canberra ,46.19
6/1/1995,Australia ,44.92
9/1/1995,Sydney ,45.49
9/1/1995,Melbourne ,46.33
9/1/1995,Brisbane,43.46
9/1/1995,Adelaide ,45.27
9/1/1995,Perth,44.90
9/1/1995,Hobart ,46.35
9/1/1995,Darwin ,48.46
9/1/1995,Canberra ,46.77
9/1/1995,Australia ,45.46
12/1/1995,Sydney ,45.88
12/1/1995,Melbourne ,46.69
12/1/1995,Brisbane,43.71
12/1/1995,Adelaide ,45.65
12/1/1995,Perth,45.17
12/1/1995,Hobart ,46.66
12/1/1995,Darwin ,48.95
12/1/1995,Canberra ,47.13
12/1/1995,Australia ,45.81
3/1/1996,Sydney ,46.19
3/1/1996,Melbourne ,46.61
3/1/1996,Brisbane,44.08
3/1/1996,Adelaide ,45.84
3/1/1996,Perth,45.48
3/1/1996,Hobart ,47.02
3/1/1996,Darwin ,49.19
3/1/1996,Canberra ,47.44
3/1/1996,Australia ,46.00
6/1/1996,Sydney ,46.50
6/1/1996,Melbourne ,46.96
6/1/1996,Brisbane,44.38
6/1/1996,Adelaide ,45.99
6/1/1996,Perth,45.79
6/1/1996,Hobart ,47.21
6/1/1996,Darwin ,49.60
6/1/1996,Canberra ,47.68
6/1/1996,Australia ,46.31
9/1/1996,Sydney ,46.61
9/1/1996,Melbourne ,47.12
9/1/1996,Brisbane,44.45
9/1/1996,Adelaide ,46.06
9/1/1996,Perth,45.94
9/1/1996,Hobart ,47.41
9/1/1996,Darwin ,49.93
9/1/1996,Canberra ,47.68
9/1/1996,Australia ,46.43
12/1/1996,Sydney ,46.69
12/1/1996,Melbourne ,47.24
12/1/1996,Brisbane,44.52
12/1/1996,Adelaide ,46.21
12/1/1996,Perth,45.98
12/1/1996,Hobart ,47.48
12/1/1996,Darwin ,49.97
12/1/1996,Canberra ,47.68
12/1/1996,Australia ,46.51
3/1/1997,Sydney ,46.77
3/1/1997,Melbourne ,47.32
3/1/1997,Brisbane,44.78
3/1/1997,Adelaide ,46.21
3/1/1997,Perth,45.91
3/1/1997,Hobart ,47.72
3/1/1997,Darwin ,49.93
3/1/1997,Canberra ,47.68
3/1/1997,Australia ,46.58
6/1/1997,Sydney ,46.61
6/1/1997,Melbourne ,47.24
6/1/1997,Brisbane,44.63
6/1/1997,Adelaide ,45.95
6/1/1997,Perth,45.87
6/1/1997,Hobart ,47.48
6/1/1997,Darwin ,49.89
6/1/1997,Canberra ,47.29
6/1/1997,Australia ,46.47
9/1/1997,Sydney ,46.46
9/1/1997,Melbourne ,47.08
9/1/1997,Brisbane,44.49
9/1/1997,Adelaide ,45.69
9/1/1997,Perth,45.63
9/1/1997,Hobart ,47.21
9/1/1997,Darwin ,49.69
9/1/1997,Canberra ,47.05
9/1/1997,Australia ,46.28
12/1/1997,Sydney ,46.58
12/1/1997,Melbourne ,47.20
12/1/1997,Brisbane,44.75
12/1/1997,Adelaide ,45.69
12/1/1997,Perth,45.67
12/1/1997,Hobart ,47.45
12/1/1997,Darwin ,49.60
12/1/1997,Canberra ,47.05
12/1/1997,Australia ,46.39
3/1/1998,Sydney ,46.81
3/1/1998,Melbourne ,47.12
3/1/1998,Brisbane,44.93
3/1/1998,Adelaide ,45.87
3/1/1998,Perth,45.83
3/1/1998,Hobart ,47.56
3/1/1998,Darwin ,49.89
3/1/1998,Canberra ,47.36
3/1/1998,Australia ,46.51
6/1/1998,Sydney ,47.08
6/1/1998,Melbourne ,47.40
6/1/1998,Brisbane,45.08
6/1/1998,Adelaide ,46.14
6/1/1998,Perth,46.18
6/1/1998,Hobart ,47.76
6/1/1998,Darwin ,50.02
6/1/1998,Canberra ,47.60
6/1/1998,Australia ,46.78
9/1/1998,Sydney ,47.26
9/1/1998,Melbourne ,47.42
9/1/1998,Brisbane,45.15
9/1/1998,Adelaide ,46.35
9/1/1998,Perth,46.46
9/1/1998,Hobart ,48.05
9/1/1998,Darwin ,50.16
9/1/1998,Canberra ,47.64
9/1/1998,Australia ,46.91
12/1/1998,Sydney ,47.48
12/1/1998,Melbourne ,47.60
12/1/1998,Brisbane,45.33
12/1/1998,Adelaide ,46.59
12/1/1998,Perth,46.68
12/1/1998,Hobart ,48.05
12/1/1998,Darwin ,50.37
12/1/1998,Canberra ,47.79
12/1/1998,Australia ,47.11
3/1/1999,Sydney ,47.53
3/1/1999,Melbourne ,47.67
3/1/1999,Brisbane,45.25
3/1/1999,Adelaide ,46.25
3/1/1999,Perth,46.52
3/1/1999,Hobart ,47.81
3/1/1999,Darwin ,50.14
3/1/1999,Canberra ,47.67
3/1/1999,Australia ,47.08
6/1/1999,Sydney ,47.70
6/1/1999,Melbourne ,47.87
6/1/1999,Brisbane,45.37
6/1/1999,Adelaide ,46.60
6/1/1999,Perth,46.93
6/1/1999,Hobart ,47.95
6/1/1999,Darwin ,50.39
6/1/1999,Canberra ,47.72
6/1/1999,Australia ,47.29
9/1/1999,Sydney ,48.13
9/1/1999,Melbourne ,48.34
9/1/1999,Brisbane,45.69
9/1/1999,Adelaide ,47.15
9/1/1999,Perth,47.34
9/1/1999,Hobart ,48.26
9/1/1999,Darwin ,50.47
9/1/1999,Canberra ,48.08
9/1/1999,Australia ,47.72
12/1/1999,Sydney ,48.37
12/1/1999,Melbourne ,48.65
12/1/1999,Brisbane,45.74
12/1/1999,Adelaide ,47.37
12/1/1999,Perth,47.64
12/1/1999,Hobart ,48.52
12/1/1999,Darwin ,50.76
12/1/1999,Canberra ,48.57
12/1/1999,Australia ,47.97
3/1/2000,Sydney ,48.79
3/1/2000,Melbourne ,49.15
3/1/2000,Brisbane,46.25
3/1/2000,Adelaide ,47.80
3/1/2000,Perth,47.83
3/1/2000,Hobart ,49.05
3/1/2000,Darwin ,51.09
3/1/2000,Canberra ,49.04
3/1/2000,Australia ,48.40
6/1/2000,Sydney ,49.25
6/1/2000,Melbourne ,49.48
6/1/2000,Brisbane,46.57
6/1/2000,Adelaide ,48.09
6/1/2000,Perth,48.17
6/1/2000,Hobart ,49.50
6/1/2000,Darwin ,51.61
6/1/2000,Canberra ,49.43
6/1/2000,Australia ,48.77
9/1/2000,Sydney ,51.03
9/1/2000,Melbourne ,51.36
9/1/2000,Brisbane,48.38
9/1/2000,Adelaide ,49.89
9/1/2000,Perth,49.94
9/1/2000,Hobart ,51.41
9/1/2000,Darwin ,53.36
9/1/2000,Canberra ,51.32
9/1/2000,Australia ,50.59
12/1/2000,Sydney ,51.27
12/1/2000,Melbourne ,51.53
12/1/2000,Brisbane,48.49
12/1/2000,Adelaide ,49.95
12/1/2000,Perth,50.02
12/1/2000,Hobart ,51.36
12/1/2000,Darwin ,53.65
12/1/2000,Canberra ,51.50
12/1/2000,Australia ,50.76
3/1/2001,Sydney ,51.96
3/1/2001,Melbourne ,52.07
3/1/2001,Brisbane,48.89
3/1/2001,Adelaide ,50.55
3/1/2001,Perth,50.34
3/1/2001,Hobart ,51.72
3/1/2001,Darwin ,53.67
3/1/2001,Canberra ,51.90
3/1/2001,Australia ,51.30
6/1/2001,Sydney ,52.36
6/1/2001,Melbourne ,52.40
6/1/2001,Brisbane,49.38
6/1/2001,Adelaide ,50.91
6/1/2001,Perth,51.02
6/1/2001,Hobart ,52.23
6/1/2001,Darwin ,54.27
6/1/2001,Canberra ,52.40
6/1/2001,Australia ,51.73
9/1/2001,Sydney ,52.51
9/1/2001,Melbourne ,52.65
9/1/2001,Brisbane,49.46
9/1/2001,Adelaide ,51.01
9/1/2001,Perth,51.07
9/1/2001,Hobart ,51.99
9/1/2001,Darwin ,54.42
9/1/2001,Canberra ,52.33
9/1/2001,Australia ,51.87
12/1/2001,Sydney ,52.97
12/1/2001,Melbourne ,53.10
12/1/2001,Brisbane,50.07
12/1/2001,Adelaide ,51.50
12/1/2001,Perth,51.52
12/1/2001,Hobart ,52.42
12/1/2001,Darwin ,54.80
12/1/2001,Canberra ,52.98
12/1/2001,Australia ,52.35
3/1/2002,Sydney ,53.47
3/1/2002,Melbourne ,53.60
3/1/2002,Brisbane,50.53
3/1/2002,Adelaide ,51.91
3/1/2002,Perth,51.91
3/1/2002,Hobart ,52.92
3/1/2002,Darwin ,54.95
3/1/2002,Canberra ,53.27
3/1/2002,Australia ,52.82
6/1/2002,Sydney ,53.83
6/1/2002,Melbourne ,53.92
6/1/2002,Brisbane,50.91
6/1/2002,Adelaide ,52.42
6/1/2002,Perth,52.26
6/1/2002,Hobart ,53.65
6/1/2002,Darwin ,55.44
6/1/2002,Canberra ,53.90
6/1/2002,Australia ,53.20
9/1/2002,Sydney ,54.12
9/1/2002,Melbourne ,54.31
9/1/2002,Brisbane,51.30
9/1/2002,Adelaide ,52.90
9/1/2002,Perth,52.74
9/1/2002,Hobart ,53.83
9/1/2002,Darwin ,55.61
9/1/2002,Canberra ,54.23
9/1/2002,Australia ,53.56
12/1/2002,Sydney ,54.46
12/1/2002,Melbourne ,54.76
12/1/2002,Brisbane,51.57
12/1/2002,Adelaide ,53.34
12/1/2002,Perth,52.99
12/1/2002,Hobart ,54.04
12/1/2002,Darwin ,55.94
12/1/2002,Canberra ,54.67
12/1/2002,Australia ,53.92
3/1/2003,Sydney ,55.12
3/1/2003,Melbourne ,55.53
3/1/2003,Brisbane,52.25
3/1/2003,Adelaide ,54.50
3/1/2003,Perth,53.38
3/1/2003,Hobart ,54.82
3/1/2003,Darwin ,56.45
3/1/2003,Canberra ,55.25
3/1/2003,Australia ,54.62
6/1/2003,Sydney ,55.14
6/1/2003,Melbourne ,55.51
6/1/2003,Brisbane,52.28
6/1/2003,Adelaide ,54.40
6/1/2003,Perth,53.36
6/1/2003,Hobart ,55.13
6/1/2003,Darwin ,56.65
6/1/2003,Canberra ,55.24
6/1/2003,Australia ,54.62
9/1/2003,Sydney ,55.24
9/1/2003,Melbourne ,55.88
9/1/2003,Brisbane,52.81
9/1/2003,Adelaide ,54.82
9/1/2003,Perth,53.83
9/1/2003,Hobart ,55.25
9/1/2003,Darwin ,56.58
9/1/2003,Canberra ,55.74
9/1/2003,Australia ,54.93
12/1/2003,Sydney ,55.67
12/1/2003,Melbourne ,55.98
12/1/2003,Brisbane,53.16
12/1/2003,Adelaide ,55.09
12/1/2003,Perth,54.05
12/1/2003,Hobart ,55.60
12/1/2003,Darwin ,56.86
12/1/2003,Canberra ,56.11
12/1/2003,Australia ,55.22
3/1/2004,Sydney ,56.22
3/1/2004,Melbourne ,56.55
3/1/2004,Brisbane,53.60
3/1/2004,Adelaide ,55.67
3/1/2004,Perth,54.20
3/1/2004,Hobart ,55.99
3/1/2004,Darwin ,57.07
3/1/2004,Canberra ,56.51
3/1/2004,Australia ,55.71
6/1/2004,Sydney ,56.41
6/1/2004,Melbourne ,56.68
6/1/2004,Brisbane,53.92
6/1/2004,Adelaide ,56.01
6/1/2004,Perth,54.78
6/1/2004,Hobart ,56.51
6/1/2004,Darwin ,57.34
6/1/2004,Canberra ,56.87
6/1/2004,Australia ,55.97
9/1/2004,Sydney ,56.70
9/1/2004,Melbourne ,56.83
9/1/2004,Brisbane,54.13
9/1/2004,Adelaide ,56.17
9/1/2004,Perth,55.15
9/1/2004,Hobart ,56.78
9/1/2004,Darwin ,57.82
9/1/2004,Canberra ,57.15
9/1/2004,Australia ,56.20
12/1/2004,Sydney ,57.14
12/1/2004,Melbourne ,57.25
12/1/2004,Brisbane,54.54
12/1/2004,Adelaide ,56.56
12/1/2004,Perth,55.64
12/1/2004,Hobart ,57.44
12/1/2004,Darwin ,57.94
12/1/2004,Canberra ,57.45
12/1/2004,Australia ,56.63
3/1/2005,Sydney ,57.46
3/1/2005,Melbourne ,57.66
3/1/2005,Brisbane,54.98
3/1/2005,Adelaide ,56.90
3/1/2005,Perth,56.07
3/1/2005,Hobart ,57.95
3/1/2005,Darwin ,58.28
3/1/2005,Canberra ,57.75
3/1/2005,Australia ,57.01
6/1/2005,Sydney ,57.78
6/1/2005,Melbourne ,57.88
6/1/2005,Brisbane,55.28
6/1/2005,Adelaide ,57.24
6/1/2005,Perth,56.81
6/1/2005,Hobart ,58.26
6/1/2005,Darwin ,58.78
6/1/2005,Canberra ,58.06
6/1/2005,Australia ,57.35
9/1/2005,Sydney ,58.35
9/1/2005,Melbourne ,58.53
9/1/2005,Brisbane,55.63
9/1/2005,Adelaide ,57.83
9/1/2005,Perth,57.41
9/1/2005,Hobart ,58.78
9/1/2005,Darwin ,59.41
9/1/2005,Canberra ,58.79
9/1/2005,Australia ,57.92
12/1/2005,Sydney ,58.56
12/1/2005,Melbourne ,58.77
12/1/2005,Brisbane,56.06
12/1/2005,Adelaide ,58.08
12/1/2005,Perth,57.88
12/1/2005,Hobart ,59.12
12/1/2005,Darwin ,59.72
12/1/2005,Canberra ,59.26
12/1/2005,Australia ,58.22
3/1/2006,Sydney ,59.02
3/1/2006,Melbourne ,59.29
3/1/2006,Brisbane,56.57
3/1/2006,Adelaide ,58.63
3/1/2006,Perth,58.44
3/1/2006,Hobart ,59.58
3/1/2006,Darwin ,60.24
3/1/2006,Canberra ,59.77
3/1/2006,Australia ,58.72
6/1/2006,Sydney ,59.99
6/1/2006,Melbourne ,60.12
6/1/2006,Brisbane,57.56
6/1/2006,Adelaide ,59.40
6/1/2006,Perth,59.51
6/1/2006,Hobart ,60.28
6/1/2006,Darwin ,61.27
6/1/2006,Canberra ,60.85
6/1/2006,Australia ,59.65
9/1/2006,Sydney ,60.55
9/1/2006,Melbourne ,60.55
9/1/2006,Brisbane,58.06
9/1/2006,Adelaide ,60.06
9/1/2006,Perth,60.17
9/1/2006,Hobart ,60.72
9/1/2006,Darwin ,62.32
9/1/2006,Canberra ,61.28
9/1/2006,Australia ,60.18
12/1/2006,Sydney ,60.43
12/1/2006,Melbourne ,60.47
12/1/2006,Brisbane,58.00
12/1/2006,Adelaide ,59.84
12/1/2006,Perth,60.40
12/1/2006,Hobart ,60.55
12/1/2006,Darwin ,62.65
12/1/2006,Canberra ,61.13
12/1/2006,Australia ,60.11
3/1/2007,Sydney ,60.34
3/1/2007,Melbourne ,60.62
3/1/2007,Brisbane,58.23
3/1/2007,Adelaide ,59.71
3/1/2007,Perth,60.49
3/1/2007,Hobart ,60.85
3/1/2007,Darwin ,62.64
3/1/2007,Canberra ,61.22
3/1/2007,Australia ,60.16
6/1/2007,Sydney ,61.02
6/1/2007,Melbourne ,61.31
6/1/2007,Brisbane,59.05
6/1/2007,Adelaide ,60.42
6/1/2007,Perth,61.36
6/1/2007,Hobart ,61.62
6/1/2007,Darwin ,63.53
6/1/2007,Canberra ,62.06
6/1/2007,Australia ,60.90
9/1/2007,Sydney ,61.33
9/1/2007,Melbourne ,61.82
9/1/2007,Brisbane,59.61
9/1/2007,Adelaide ,60.87
9/1/2007,Perth,61.73
9/1/2007,Hobart ,61.82
9/1/2007,Darwin ,64.30
9/1/2007,Canberra ,62.53
9/1/2007,Australia ,61.32
12/1/2007,Sydney ,61.85
12/1/2007,Melbourne ,62.43
12/1/2007,Brisbane,60.24
12/1/2007,Adelaide ,61.50
12/1/2007,Perth,62.22
12/1/2007,Hobart ,62.32
12/1/2007,Darwin ,64.50
12/1/2007,Canberra ,63.15
12/1/2007,Australia ,61.89
3/1/2008,Sydney ,62.69
3/1/2008,Melbourne ,63.26
3/1/2008,Brisbane,61.02
3/1/2008,Adelaide ,62.37
3/1/2008,Perth,63.09
3/1/2008,Hobart ,63.14
3/1/2008,Darwin ,65.08
3/1/2008,Canberra ,64.02
3/1/2008,Australia ,62.72
6/1/2008,Sydney ,63.65
6/1/2008,Melbourne ,64.01
6/1/2008,Brisbane,62.06
6/1/2008,Adelaide ,63.19
6/1/2008,Perth,64.13
6/1/2008,Hobart ,63.77
6/1/2008,Darwin ,66.03
6/1/2008,Canberra ,64.79
6/1/2008,Australia ,63.63
9/1/2008,Sydney ,64.34
9/1/2008,Melbourne ,64.76
9/1/2008,Brisbane,62.94
9/1/2008,Adelaide ,63.99
9/1/2008,Perth,64.73
9/1/2008,Hobart ,64.49
9/1/2008,Darwin ,67.19
9/1/2008,Canberra ,65.80
9/1/2008,Australia ,64.37
12/1/2008,Sydney ,64.19
12/1/2008,Melbourne ,64.41
12/1/2008,Brisbane,62.82
12/1/2008,Adelaide ,63.81
12/1/2008,Perth,64.56
12/1/2008,Hobart ,64.35
12/1/2008,Darwin ,66.91
12/1/2008,Canberra ,65.52
12/1/2008,Australia ,64.16
3/1/2009,Sydney ,64.23
3/1/2009,Melbourne ,64.56
3/1/2009,Brisbane,62.95
3/1/2009,Adelaide ,63.83
3/1/2009,Perth,64.46
3/1/2009,Hobart ,64.50
3/1/2009,Darwin ,66.94
3/1/2009,Canberra ,65.74
3/1/2009,Australia ,64.23
6/1/2009,Sydney ,64.49
6/1/2009,Melbourne ,64.79
6/1/2009,Brisbane,63.31
6/1/2009,Adelaide ,64.18
6/1/2009,Perth,65.01
6/1/2009,Hobart ,64.88
6/1/2009,Darwin ,67.68
6/1/2009,Canberra ,66.15
6/1/2009,Australia ,64.55
9/1/2009,Sydney ,65.19
9/1/2009,Melbourne ,65.16
9/1/2009,Brisbane,64.18
9/1/2009,Adelaide ,64.86
9/1/2009,Perth,65.53
9/1/2009,Hobart ,65.63
9/1/2009,Darwin ,69.00
9/1/2009,Canberra ,66.73
9/1/2009,Australia ,65.16
12/1/2009,Sydney ,65.59
12/1/2009,Melbourne ,65.55
12/1/2009,Brisbane,64.40
12/1/2009,Adelaide ,65.10
12/1/2009,Perth,65.91
12/1/2009,Hobart ,66.05
12/1/2009,Darwin ,68.92
12/1/2009,Canberra ,66.99
12/1/2009,Australia ,65.51
3/1/2010,Sydney ,66.12
3/1/2010,Melbourne ,66.37
3/1/2010,Brisbane,64.87
3/1/2010,Adelaide ,65.49
3/1/2010,Perth,66.66
3/1/2010,Hobart ,66.55
3/1/2010,Darwin ,69.29
3/1/2010,Canberra ,67.43
3/1/2010,Australia ,66.12
6/1/2010,Sydney ,66.37
6/1/2010,Melbourne ,66.79
6/1/2010,Brisbane,65.36
6/1/2010,Adelaide ,65.97
6/1/2010,Perth,67.27
6/1/2010,Hobart ,66.81
6/1/2010,Darwin ,69.85
6/1/2010,Canberra ,67.67
6/1/2010,Australia ,66.52
9/1/2010,Sydney ,66.90
9/1/2010,Melbourne ,67.16
9/1/2010,Brisbane,66.02
9/1/2010,Adelaide ,66.55
9/1/2010,Perth,67.57
9/1/2010,Hobart ,67.50
9/1/2010,Darwin ,70.59
9/1/2010,Canberra ,68.12
9/1/2010,Australia ,67.00
12/1/2010,Sydney ,67.13
12/1/2010,Melbourne ,67.55
12/1/2010,Brisbane,66.35
12/1/2010,Adelaide ,66.76
12/1/2010,Perth,67.60
12/1/2010,Hobart ,67.58
12/1/2010,Darwin ,70.54
12/1/2010,Canberra ,68.42
12/1/2010,Australia ,67.26
3/1/2011,Sydney ,68.22
3/1/2011,Melbourne ,68.72
3/1/2011,Brisbane,67.20
3/1/2011,Adelaide ,67.86
3/1/2011,Perth,68.39
3/1/2011,Hobart ,68.46
3/1/2011,Darwin ,71.33
3/1/2011,Canberra ,69.45
3/1/2011,Australia ,68.30
6/1/2011,Sydney ,68.86
6/1/2011,Melbourne ,69.19
6/1/2011,Brisbane,67.85
6/1/2011,Adelaide ,68.53
6/1/2011,Perth,69.28
6/1/2011,Hobart ,69.08
6/1/2011,Darwin ,72.02
6/1/2011,Canberra ,70.19
6/1/2011,Australia ,68.93
9/1/2011,Sydney ,69.35
9/1/2011,Melbourne ,69.62
9/1/2011,Brisbane,68.07
9/1/2011,Adelaide ,69.20
9/1/2011,Perth,69.46
9/1/2011,Hobart ,69.65
9/1/2011,Darwin ,72.56
9/1/2011,Canberra ,70.64
9/1/2011,Australia ,69.34
12/1/2011,Sydney ,69.30
12/1/2011,Melbourne ,69.67
12/1/2011,Brisbane,67.96
12/1/2011,Adelaide ,69.17
12/1/2011,Perth,69.56
12/1/2011,Hobart ,69.73
12/1/2011,Darwin ,72.28
12/1/2011,Canberra ,70.83
12/1/2011,Australia ,69.34
3/1/2012,Sydney ,69.36
3/1/2012,Melbourne ,69.68
3/1/2012,Brisbane,68.07
3/1/2012,Adelaide ,69.11
3/1/2012,Perth,69.73
3/1/2012,Hobart ,69.91
3/1/2012,Darwin ,72.52
3/1/2012,Canberra ,70.57
3/1/2012,Australia ,69.38
6/1/2012,Sydney ,69.77
6/1/2012,Melbourne ,70.01
6/1/2012,Brisbane,68.46
6/1/2012,Adelaide ,69.33
6/1/2012,Perth,70.08
6/1/2012,Hobart ,69.65
6/1/2012,Darwin ,73.16
6/1/2012,Canberra ,71.01
6/1/2012,Australia ,69.74
9/1/2012,Sydney ,70.97
9/1/2012,Melbourne ,70.83
9/1/2012,Brisbane,69.25
9/1/2012,Adelaide ,70.40
9/1/2012,Perth,70.86
9/1/2012,Hobart ,70.13
9/1/2012,Darwin ,74.10
9/1/2012,Canberra ,71.75
9/1/2012,Australia ,70.69
12/1/2012,Sydney ,71.04
12/1/2012,Melbourne ,71.14
12/1/2012,Brisbane,69.45
12/1/2012,Adelaide ,70.63
12/1/2012,Perth,71.00
12/1/2012,Hobart ,70.43
12/1/2012,Darwin ,74.06
12/1/2012,Canberra ,72.01
12/1/2012,Australia ,70.87
3/1/2013,Sydney ,71.30
3/1/2013,Melbourne ,71.43
3/1/2013,Brisbane,69.49
3/1/2013,Adelaide ,70.69
3/1/2013,Perth,71.35
3/1/2013,Hobart ,70.63
3/1/2013,Darwin ,75.31
3/1/2013,Canberra ,72.14
3/1/2013,Australia ,71.11
6/1/2013,Sydney ,71.63
6/1/2013,Melbourne ,71.54
6/1/2013,Brisbane,69.84
6/1/2013,Adelaide ,70.82
6/1/2013,Perth,71.78
6/1/2013,Hobart ,70.90
6/1/2013,Darwin ,75.94
6/1/2013,Canberra ,72.51
6/1/2013,Australia ,71.38
9/1/2013,Sydney ,72.46
9/1/2013,Melbourne ,72.51
9/1/2013,Brisbane,70.70
9/1/2013,Adelaide ,71.75
9/1/2013,Perth,72.62
9/1/2013,Hobart ,71.57
9/1/2013,Darwin ,76.60
9/1/2013,Canberra ,72.98
9/1/2013,Australia ,72.25
12/1/2013,Sydney ,72.89
12/1/2013,Melbourne ,73.08
12/1/2013,Brisbane,71.26
12/1/2013,Adelaide ,72.24
12/1/2013,Perth,73.10
12/1/2013,Hobart ,72.24
12/1/2013,Darwin ,77.38
12/1/2013,Canberra ,73.69
12/1/2013,Australia ,72.77
3/1/2014,Sydney ,73.35
3/1/2014,Melbourne ,73.45
3/1/2014,Brisbane,71.69
3/1/2014,Adelaide ,72.71
3/1/2014,Perth,73.63
3/1/2014,Hobart ,72.57
3/1/2014,Darwin ,77.99
3/1/2014,Canberra ,74.00
3/1/2014,Australia ,73.20
6/1/2014,Sydney ,73.63
6/1/2014,Melbourne ,73.89
6/1/2014,Brisbane,72.10
6/1/2014,Adelaide ,73.01
6/1/2014,Perth,74.17
6/1/2014,Hobart ,72.85
6/1/2014,Darwin ,78.50
6/1/2014,Canberra ,74.17
6/1/2014,Australia ,73.57
9/1/2014,Sydney ,74.05
9/1/2014,Melbourne ,73.98
9/1/2014,Brisbane,72.57
9/1/2014,Adelaide ,73.26
9/1/2014,Perth,74.54
9/1/2014,Hobart ,72.91
9/1/2014,Darwin ,78.68
9/1/2014,Canberra ,74.42
9/1/2014,Australia ,73.88
12/1/2014,Sydney ,74.18
12/1/2014,Melbourne ,74.14
12/1/2014,Brisbane,72.74
12/1/2014,Adelaide ,73.50
12/1/2014,Perth,74.60
12/1/2014,Hobart ,73.04
12/1/2014,Darwin ,78.82
12/1/2014,Canberra ,74.50
12/1/2014,Australia ,74.02
3/1/2015,Sydney ,74.55
3/1/2015,Melbourne ,74.21
3/1/2015,Brisbane,72.70
3/1/2015,Adelaide ,73.54
3/1/2015,Perth,74.67
3/1/2015,Hobart ,73.24
3/1/2015,Darwin ,78.64
3/1/2015,Canberra ,74.42
3/1/2015,Australia ,74.16
6/1/2015,Sydney ,75.24
6/1/2015,Melbourne ,74.72
6/1/2015,Brisbane,73.21
6/1/2015,Adelaide ,73.91
6/1/2015,Perth,75.11
6/1/2015,Hobart ,73.27
6/1/2015,Darwin ,78.63
6/1/2015,Canberra ,74.76
6/1/2015,Australia ,74.69
9/1/2015,Sydney ,75.44
9/1/2015,Melbourne ,75.06
9/1/2015,Brisbane,73.66
9/1/2015,Adelaide ,74.10
9/1/2015,Perth,75.38
9/1/2015,Hobart ,73.70
9/1/2015,Darwin ,78.92
9/1/2015,Canberra ,74.84
9/1/2015,Australia ,74.98
12/1/2015,Sydney ,75.63
12/1/2015,Melbourne ,75.50
12/1/2015,Brisbane,73.93
12/1/2015,Adelaide ,74.29
12/1/2015,Perth,75.71
12/1/2015,Hobart ,74.32
12/1/2015,Darwin ,79.17
12/1/2015,Canberra ,75.03
12/1/2015,Australia ,75.27
3/1/2016,Sydney ,75.47
3/1/2016,Melbourne ,75.44
3/1/2016,Brisbane,73.91
3/1/2016,Adelaide ,74.04
3/1/2016,Perth,75.24
3/1/2016,Hobart ,74.21
3/1/2016,Darwin ,78.43
3/1/2016,Canberra ,75.13
3/1/2016,Australia ,75.12
6/1/2016,Sydney ,75.88
6/1/2016,Melbourne ,75.77
6/1/2016,Brisbane,74.27
6/1/2016,Adelaide ,74.39
6/1/2016,Perth,75.45
6/1/2016,Hobart ,74.17
6/1/2016,Darwin ,78.68
6/1/2016,Canberra ,75.26
6/1/2016,Australia ,75.45
9/1/2016,Sydney ,76.65
9/1/2016,Melbourne ,76.13
9/1/2016,Brisbane,74.72
9/1/2016,Adelaide ,75.04
9/1/2016,Perth,75.70
9/1/2016,Hobart ,74.72
9/1/2016,Darwin ,78.94
9/1/2016,Canberra ,75.93
9/1/2016,Australia ,75.98
12/1/2016,Sydney ,77.05
12/1/2016,Melbourne ,76.66
12/1/2016,Brisbane,75.09
12/1/2016,Adelaide ,75.21
12/1/2016,Perth,75.99
12/1/2016,Hobart ,75.34
12/1/2016,Darwin ,78.86
12/1/2016,Canberra ,76.34
12/1/2016,Australia ,76.38
3/1/2017,Sydney ,77.33
3/1/2017,Melbourne ,77.32
3/1/2017,Brisbane,75.31
3/1/2017,Adelaide ,75.50
3/1/2017,Perth,75.96
3/1/2017,Hobart ,75.91
3/1/2017,Darwin ,78.80
3/1/2017,Canberra ,76.86
3/1/2017,Australia ,76.73
6/1/2017,Sydney ,77.54
6/1/2017,Melbourne ,77.45
6/1/2017,Brisbane,75.61
6/1/2017,Adelaide ,75.57
6/1/2017,Perth,75.96
6/1/2017,Hobart ,75.96
6/1/2017,Darwin ,79.01
6/1/2017,Canberra ,76.85
6/1/2017,Australia ,76.88
9/1/2017,Sydney ,78.15
9/1/2017,Melbourne ,77.79
9/1/2017,Brisbane,75.89
9/1/2017,Adelaide ,76.39
9/1/2017,Perth,76.30
9/1/2017,Hobart ,76.17
9/1/2017,Darwin ,79.49
9/1/2017,Canberra ,77.53
9/1/2017,Australia ,77.35
12/1/2017,Sydney ,78.68
12/1/2017,Melbourne ,78.33
12/1/2017,Brisbane,76.51
12/1/2017,Adelaide ,76.95
12/1/2017,Perth,76.64
12/1/2017,Hobart ,76.91
12/1/2017,Darwin ,79.68
12/1/2017,Canberra ,78.06
12/1/2017,Australia ,77.87
3/1/2018,Sydney ,78.89
3/1/2018,Melbourne ,79.05
3/1/2018,Brisbane,76.62
3/1/2018,Adelaide ,77.24
3/1/2018,Perth,76.65
3/1/2018,Hobart ,77.50
3/1/2018,Darwin ,79.70
3/1/2018,Canberra ,78.66
3/1/2018,Australia ,78.21
6/1/2018,Sydney ,79.19
6/1/2018,Melbourne ,79.34
6/1/2018,Brisbane,76.91
6/1/2018,Adelaide ,77.60
6/1/2018,Perth,76.82
6/1/2018,Hobart ,77.76
6/1/2018,Darwin ,79.96
6/1/2018,Canberra ,79.01
6/1/2018,Australia ,78.49
9/1/2018,Sydney ,79.64
9/1/2018,Melbourne ,79.53
9/1/2018,Brisbane,77.28
9/1/2018,Adelaide ,77.77
9/1/2018,Perth,77.20
9/1/2018,Hobart ,78.26
9/1/2018,Darwin ,80.46
9/1/2018,Canberra ,79.45
9/1/2018,Australia ,78.83
12/1/2018,Sydney ,80.04
12/1/2018,Melbourne ,79.95
12/1/2018,Brisbane,77.68
12/1/2018,Adelaide ,78.20
12/1/2018,Perth,77.57
12/1/2018,Hobart ,79.23
12/1/2018,Darwin ,80.62
12/1/2018,Canberra ,80.03
12/1/2018,Australia ,79.24
3/1/2019,Sydney ,79.97
3/1/2019,Melbourne ,80.02
3/1/2019,Brisbane,77.72
3/1/2019,Adelaide ,78.25
3/1/2019,Perth,77.49
3/1/2019,Hobart ,79.08
3/1/2019,Darwin ,79.99
3/1/2019,Canberra ,80.07
3/1/2019,Australia ,79.23
6/1/2019,Sydney ,80.48
6/1/2019,Melbourne ,80.38
6/1/2019,Brisbane,78.19
6/1/2019,Adelaide ,78.70
6/1/2019,Perth,78.08
6/1/2019,Hobart ,79.58
6/1/2019,Darwin ,80.60
6/1/2019,Canberra ,80.31
6/1/2019,Australia ,79.70
9/1/2019,Sydney ,80.91
9/1/2019,Melbourne ,80.85
9/1/2019,Brisbane,78.68
9/1/2019,Adelaide ,79.27
9/1/2019,Perth,78.47
9/1/2019,Hobart ,80.02
9/1/2019,Darwin ,80.84
9/1/2019,Canberra ,80.87
9/1/2019,Australia ,80.15
12/1/2019,Sydney ,81.34
12/1/2019,Melbourne ,81.56
12/1/2019,Brisbane,79.23
12/1/2019,Adelaide ,79.86
12/1/2019,Perth,78.85
12/1/2019,Hobart ,81.35
12/1/2019,Darwin ,80.99
12/1/2019,Canberra ,81.39
12/1/2019,Australia ,80.70
3/1/2020,Sydney ,81.54
3/1/2020,Melbourne ,82.15
3/1/2020,Brisbane,79.21
3/1/2020,Adelaide ,80.12
3/1/2020,Perth,79.10
3/1/2020,Hobart ,81.74
3/1/2020,Darwin ,81.19
3/1/2020,Canberra ,81.75
3/1/2020,Australia ,81.00
6/1/2020,Sydney ,79.63
6/1/2020,Melbourne ,80.69
6/1/2020,Brisbane,77.40
6/1/2020,Adelaide ,79.33
6/1/2020,Perth,78.13
6/1/2020,Hobart ,80.60
6/1/2020,Darwin ,79.14
6/1/2020,Canberra ,79.80
6/1/2020,Australia ,79.44
9/1/2020,Sydney ,81.10
9/1/2020,Melbourne ,81.42
9/1/2020,Brisbane,79.17
9/1/2020,Adelaide ,80.08
9/1/2020,Perth,79.52
9/1/2020,Hobart ,81.41
9/1/2020,Darwin ,80.47
9/1/2020,Canberra ,81.67
9/1/2020,Australia ,80.67
12/1/2020,Sydney ,81.97
12/1/2020,Melbourne ,82.60
12/1/2020,Brisbane,80.06
12/1/2020,Adelaide ,80.60
12/1/2020,Perth,78.77
12/1/2020,Hobart ,81.99
12/1/2020,Darwin ,80.96
12/1/2020,Canberra ,82.29
12/1/2020,Australia ,81.40
3/1/2021,Sydney ,82.33
3/1/2021,Melbourne ,82.85
3/1/2021,Brisbane,80.56
3/1/2021,Adelaide ,81.14
3/1/2021,Perth,79.86
3/1/2021,Hobart ,82.61
3/1/2021,Darwin ,83.07
3/1/2021,Canberra ,82.99
3/1/2021,Australia ,81.87
6/1/2021,Sydney ,82.89
6/1/2021,Melbourne ,83.07
6/1/2021,Brisbane,81.25
6/1/2021,Adelaide ,81.52
6/1/2021,Perth,81.43
6/1/2021,Hobart ,83.54
6/1/2021,Darwin ,83.97
6/1/2021,Canberra ,83.63
6/1/2021,Australia ,82.47
9/1/2021,Sydney ,83.48
9/1/2021,Melbourne ,83.75
9/1/2021,Brisbane,82.25
9/1/2021,Adelaide ,82.11
9/1/2021,Perth,82.07
9/1/2021,Hobart ,83.84
9/1/2021,Darwin ,85.17
9/1/2021,Canberra ,84.74
9/1/2021,Australia ,83.17
12/1/2021,Sydney ,84.45
12/1/2021,Melbourne ,84.70
12/1/2021,Brisbane,83.54
12/1/2021,Adelaide ,83.33
12/1/2021,Perth,83.26
12/1/2021,Hobart ,85.70
12/1/2021,Darwin ,85.85
12/1/2021,Canberra ,85.58
12/1/2021,Australia ,84.23
3/1/2022,Sydney ,85.88
3/1/2022,Melbourne ,86.64
3/1/2022,Brisbane,85.41
3/1/2022,Adelaide ,84.90
3/1/2022,Perth,85.97
3/1/2022,Hobart ,87.43
3/1/2022,Darwin ,87.64
3/1/2022,Canberra ,87.48
3/1/2022,Australia ,86.05
6/1/2022,Sydney ,87.30
6/1/2022,Melbourne ,88.16
6/1/2022,Brisbane,87.16
6/1/2022,Adelaide ,86.72
6/1/2022,Perth,87.43
6/1/2022,Hobart ,88.95
6/1/2022,Darwin ,89.45
6/1/2022,Canberra ,88.90
6/1/2022,Australia ,87.59
9/1/2022,Sydney ,89.33
9/1/2022,Melbourne ,89.99
9/1/2022,Brisbane,88.72
9/1/2022,Adelaide ,88.98
9/1/2022,Perth,86.99
9/1/2022,Hobart ,91.00
9/1/2022,Darwin ,91.16
9/1/2022,Canberra ,90.56
9/1/2022,Australia ,89.20
12/1/2022,Sydney ,90.92
12/1/2022,Melbourne ,91.41
12/1/2022,Brisbane,90.01
12/1/2022,Adelaide ,90.51
12/1/2022,Perth,90.11
12/1/2022,Hobart ,92.33
12/1/2022,Darwin ,91.97
12/1/2022,Canberra ,91.60
12/1/2022,Australia ,90.85
3/1/2023,Sydney ,92.19
3/1/2023,Melbourne ,92.55
3/1/2023,Brisbane,91.73
3/1/2023,Adelaide ,91.60
3/1/2023,Perth,90.93
3/1/2023,Hobart ,93.43
3/1/2023,Darwin ,93.15
3/1/2023,Canberra ,92.91
3/1/2023,Australia ,92.08
6/1/2023,Sydney ,93.03
6/1/2023,Melbourne ,93.14
6/1/2023,Brisbane,92.67
6/1/2023,Adelaide ,92.69
6/1/2023,Perth,91.67
6/1/2023,Hobart ,93.84
6/1/2023,Darwin ,94.18
6/1/2023,Canberra ,93.91
6/1/2023,Australia ,92.87
9/1/2023,Sydney ,94.33
9/1/2023,Melbourne ,94.35
9/1/2023,Brisbane,93.35
9/1/2023,Adelaide ,94.24
9/1/2023,Perth,92.01
9/1/2023,Hobart ,94.69
9/1/2023,Darwin ,95.05
9/1/2023,Canberra ,94.64
9/1/2023,Australia ,93.94
12/1/2023,Sydney ,94.72
12/1/2023,Melbourne ,94.94
12/1/2023,Brisbane,93.81
12/1/2023,Adelaide ,94.86
12/1/2023,Perth,93.40
12/1/2023,Hobart ,95.37
12/1/2023,Darwin ,95.52
12/1/2023,Canberra ,95.06
12/1/2023,Australia ,94.53
3/1/2024,Sydney ,95.60
3/1/2024,Melbourne ,95.89
3/1/2024,Brisbane,94.88
3/1/2024,Adelaide ,95.57
3/1/2024,Perth,93.96
3/1/2024,Hobart ,96.28
3/1/2024,Darwin ,96.14
3/1/2024,Canberra ,95.94
3/1/2024,Australia ,95.41
6/1/2024,Sydney ,96.63
6/1/2024,Melbourne ,96.51
6/1/2024,Brisbane,95.78
6/1/2024,Adelaide ,96.79
6/1/2024,Perth,95.89
6/1/2024,Hobart ,96.46
6/1/2024,Darwin ,97.05
6/1/2024,Canberra ,96.82
6/1/2024,Australia ,96.41
9/1/2024,Sydney ,97.10
9/1/2024,Melbourne ,97.15
9/1/2024,Brisbane,94.99
9/1/2024,Adelaide ,97.32
9/1/2024,Perth,95.47
9/1/2024,Hobart ,95.39
9/1/2024,Darwin ,97.19
9/1/2024,Canberra ,97.10
9/1/2024,Australia ,96.62
12/1/2024,Sydney ,97.03
12/1/2024,Melbourne ,97.29
12/1/2024,Brisbane,95.54
12/1/2024,Adelaide ,97.21
12/1/2024,Perth,96.14
12/1/2024,Hobart ,96.89
12/1/2024,Darwin ,97.12
12/1/2024,Canberra ,97.13
12/1/2024,Australia ,96.81
3/1/2025,Sydney ,97.82
3/1/2025,Melbourne ,98.11
3/1/2025,Brisbane,97.37
3/1/2025,Adelaide ,97.72
3/1/2025,Perth,96.63
3/1/2025,Hobart ,97.62
3/1/2025,Darwin ,97.78
3/1/2025,Canberra ,98.08
3/1/2025,Australia ,97.70
6/1/2025,Sydney ,98.47
6/1/2025,Melbourne ,98.48
6/1/2025,Brisbane,98.16
6/1/2025,Adelaide ,98.52
6/1/2025,Perth,98.52
6/1/2025,Hobart ,98.10
6/1/2025,Darwin ,98.57
6/1/2025,Canberra ,98.36
6/1/2025,Australia ,98.43
9/1/2025,Sydney ,99.91
9/1/2025,Melbourne ,99.66
9/1/2025,Brisbane,99.48
9/1/2025,Adelaide ,99.64
9/1/2025,Perth,99.72
9/1/2025,Hobart ,99.55
9/1/2025,Darwin ,99.66
9/1/2025,Canberra ,99.86
9/1/2025,Australia ,99.73
12/1/2025,Sydney ,100.38
12/1/2025,Melbourne ,100.36
12/1/2025,Brisbane,100.38
12/1/2025,Adelaide ,100.43
12/1/2025,Perth,99.89
12/1/2025,Hobart ,100.65
12/1/2025,Darwin ,100.33
12/1/2025,Canberra ,100.41
12/1/2025,Australia ,100.32
